[
    {
        "merged": "E:\\sufe_plazaapp\\app\\build\\intermediates\\res\\merged\\debug\\drawable-hdpi_ic_launcher_background.png.flat",
        "source": "E:\\sufe_plazaapp\\app\\build\\generated\\res\\pngs\\debug\\drawable-hdpi\\ic_launcher_background.png"
    },
    {
        "merged": "E:\\sufe_plazaapp\\app\\build\\intermediates\\res\\merged\\debug\\drawable_pic.png.flat",
        "source": "E:\\sufe_plazaapp\\app\\src\\main\\res\\drawable\\pic.png"
    },
    {
        "merged": "E:\\sufe_plazaapp\\app\\build\\intermediates\\res\\merged\\debug\\drawable_eyeclose.png.flat",
        "source": "E:\\sufe_plazaapp\\app\\src\\main\\res\\drawable\\eyeclose.png"
    },
    {
        "merged": "E:\\sufe_plazaapp\\app\\build\\intermediates\\res\\merged\\debug\\drawable_l4.png.flat",
        "source": "E:\\sufe_plazaapp\\app\\src\\main\\res\\drawable\\l4.png"
    },
    {
        "merged": "E:\\sufe_plazaapp\\app\\build\\intermediates\\res\\merged\\debug\\drawable_image_17.png.flat",
        "source": "E:\\sufe_plazaapp\\app\\src\\main\\res\\drawable\\image_17.png"
    },
    {
        "merged": "E:\\sufe_plazaapp\\app\\build\\intermediates\\res\\merged\\debug\\drawable_shape_top.xml.flat",
        "source": "E:\\sufe_plazaapp\\app\\src\\main\\res\\drawable\\shape_top.xml"
    },
    {
        "merged": "E:\\sufe_plazaapp\\app\\build\\intermediates\\res\\merged\\debug\\drawable_shezhi_my.png.flat",
        "source": "E:\\sufe_plazaapp\\app\\src\\main\\res\\drawable\\shezhi_my.png"
    },
    {
        "merged": "E:\\sufe_plazaapp\\app\\build\\intermediates\\res\\merged\\debug\\mipmap-hdpi_ic_launcher_round.png.flat",
        "source": "E:\\sufe_plazaapp\\app\\src\\main\\res\\mipmap-hdpi\\ic_launcher_round.png"
    },
    {
        "merged": "E:\\sufe_plazaapp\\app\\build\\intermediates\\res\\merged\\debug\\drawable_image_1.png.flat",
        "source": "E:\\sufe_plazaapp\\app\\src\\main\\res\\drawable\\image_1.png"
    },
    {
        "merged": "E:\\sufe_plazaapp\\app\\build\\intermediates\\res\\merged\\debug\\drawable_erweima.png.flat",
        "source": "E:\\sufe_plazaapp\\app\\src\\main\\res\\drawable\\erweima.png"
    },
    {
        "merged": "E:\\sufe_plazaapp\\app\\build\\intermediates\\res\\merged\\debug\\drawable_shape_progress.xml.flat",
        "source": "E:\\sufe_plazaapp\\app\\src\\main\\res\\drawable\\shape_progress.xml"
    },
    {
        "merged": "E:\\sufe_plazaapp\\app\\build\\intermediates\\res\\merged\\debug\\drawable-mdpi_search.png.flat",
        "source": "E:\\sufe_plazaapp\\app\\build\\generated\\res\\pngs\\debug\\drawable-mdpi\\search.png"
    },
    {
        "merged": "E:\\sufe_plazaapp\\app\\build\\intermediates\\res\\merged\\debug\\drawable_image_26.png.flat",
        "source": "E:\\sufe_plazaapp\\app\\src\\main\\res\\drawable\\image_26.png"
    },
    {
        "merged": "E:\\sufe_plazaapp\\app\\build\\intermediates\\res\\merged\\debug\\drawable-anydpi-v21_back.xml.flat",
        "source": "E:\\sufe_plazaapp\\app\\build\\generated\\res\\pngs\\debug\\drawable-anydpi-v21\\back.xml"
    },
    {
        "merged": "E:\\sufe_plazaapp\\app\\build\\intermediates\\res\\merged\\debug\\mipmap-xxhdpi_ic_launcher.png.flat",
        "source": "E:\\sufe_plazaapp\\app\\src\\main\\res\\mipmap-xxhdpi\\ic_launcher.png"
    },
    {
        "merged": "E:\\sufe_plazaapp\\app\\build\\intermediates\\res\\merged\\debug\\mipmap-xxhdpi_ic_launcher_round.png.flat",
        "source": "E:\\sufe_plazaapp\\app\\src\\main\\res\\mipmap-xxhdpi\\ic_launcher_round.png"
    },
    {
        "merged": "E:\\sufe_plazaapp\\app\\build\\intermediates\\res\\merged\\debug\\drawable_ic_zhutifenge_white_24dp.png.flat",
        "source": "E:\\sufe_plazaapp\\app\\src\\main\\res\\drawable\\ic_zhutifenge_white_24dp.png"
    },
    {
        "merged": "E:\\sufe_plazaapp\\app\\build\\intermediates\\res\\merged\\debug\\layout_activity_login.xml.flat",
        "source": "E:\\sufe_plazaapp\\app\\src\\main\\res\\layout\\activity_login.xml"
    },
    {
        "merged": "E:\\sufe_plazaapp\\app\\build\\intermediates\\res\\merged\\debug\\drawable_image_32.png.flat",
        "source": "E:\\sufe_plazaapp\\app\\src\\main\\res\\drawable\\image_32.png"
    },
    {
        "merged": "E:\\sufe_plazaapp\\app\\build\\intermediates\\res\\merged\\debug\\drawable_l3.png.flat",
        "source": "E:\\sufe_plazaapp\\app\\src\\main\\res\\drawable\\l3.png"
    },
    {
        "merged": "E:\\sufe_plazaapp\\app\\build\\intermediates\\res\\merged\\debug\\drawable_bg.png.flat",
        "source": "E:\\sufe_plazaapp\\app\\src\\main\\res\\drawable\\bg.png"
    },
    {
        "merged": "E:\\sufe_plazaapp\\app\\build\\intermediates\\res\\merged\\debug\\drawable_wode.png.flat",
        "source": "E:\\sufe_plazaapp\\app\\src\\main\\res\\drawable\\wode.png"
    },
    {
        "merged": "E:\\sufe_plazaapp\\app\\build\\intermediates\\res\\merged\\debug\\drawable_image_16.png.flat",
        "source": "E:\\sufe_plazaapp\\app\\src\\main\\res\\drawable\\image_16.png"
    },
    {
        "merged": "E:\\sufe_plazaapp\\app\\build\\intermediates\\res\\merged\\debug\\drawable_shape_edit.xml.flat",
        "source": "E:\\sufe_plazaapp\\app\\src\\main\\res\\drawable\\shape_edit.xml"
    },
    {
        "merged": "E:\\sufe_plazaapp\\app\\build\\intermediates\\res\\merged\\debug\\drawable_sanjiaochi.png.flat",
        "source": "E:\\sufe_plazaapp\\app\\src\\main\\res\\drawable\\sanjiaochi.png"
    },
    {
        "merged": "E:\\sufe_plazaapp\\app\\build\\intermediates\\res\\merged\\debug\\drawable_shape_spltime.xml.flat",
        "source": "E:\\sufe_plazaapp\\app\\src\\main\\res\\drawable\\shape_spltime.xml"
    },
    {
        "merged": "E:\\sufe_plazaapp\\app\\build\\intermediates\\res\\merged\\debug\\drawable-anydpi-v21_search.xml.flat",
        "source": "E:\\sufe_plazaapp\\app\\build\\generated\\res\\pngs\\debug\\drawable-anydpi-v21\\search.xml"
    },
    {
        "merged": "E:\\sufe_plazaapp\\app\\build\\intermediates\\res\\merged\\debug\\drawable_image_19.png.flat",
        "source": "E:\\sufe_plazaapp\\app\\src\\main\\res\\drawable\\image_19.png"
    },
    {
        "merged": "E:\\sufe_plazaapp\\app\\build\\intermediates\\res\\merged\\debug\\drawable_luntan.png.flat",
        "source": "E:\\sufe_plazaapp\\app\\src\\main\\res\\drawable\\luntan.png"
    },
    {
        "merged": "E:\\sufe_plazaapp\\app\\build\\intermediates\\res\\merged\\debug\\drawable_shape_change.xml.flat",
        "source": "E:\\sufe_plazaapp\\app\\src\\main\\res\\drawable\\shape_change.xml"
    },
    {
        "merged": "E:\\sufe_plazaapp\\app\\build\\intermediates\\res\\merged\\debug\\drawable_gengduo.png.flat",
        "source": "E:\\sufe_plazaapp\\app\\src\\main\\res\\drawable\\gengduo.png"
    },
    {
        "merged": "E:\\sufe_plazaapp\\app\\build\\intermediates\\res\\merged\\debug\\drawable_order.png.flat",
        "source": "E:\\sufe_plazaapp\\app\\src\\main\\res\\drawable\\order.png"
    },
    {
        "merged": "E:\\sufe_plazaapp\\app\\build\\intermediates\\res\\merged\\debug\\drawable-xhdpi_ic_launcher_background.png.flat",
        "source": "E:\\sufe_plazaapp\\app\\build\\generated\\res\\pngs\\debug\\drawable-xhdpi\\ic_launcher_background.png"
    },
    {
        "merged": "E:\\sufe_plazaapp\\app\\build\\intermediates\\res\\merged\\debug\\layout_fragementmine.xml.flat",
        "source": "E:\\sufe_plazaapp\\app\\src\\main\\res\\layout\\fragementmine.xml"
    },
    {
        "merged": "E:\\sufe_plazaapp\\app\\build\\intermediates\\res\\merged\\debug\\drawable-xxxhdpi_jiantou.png.flat",
        "source": "E:\\sufe_plazaapp\\app\\build\\generated\\res\\pngs\\debug\\drawable-xxxhdpi\\jiantou.png"
    },
    {
        "merged": "E:\\sufe_plazaapp\\app\\build\\intermediates\\res\\merged\\debug\\drawable_fczlm.jpg.flat",
        "source": "E:\\sufe_plazaapp\\app\\src\\main\\res\\drawable\\fczlm.jpg"
    },
    {
        "merged": "E:\\sufe_plazaapp\\app\\build\\intermediates\\res\\merged\\debug\\drawable_l2.png.flat",
        "source": "E:\\sufe_plazaapp\\app\\src\\main\\res\\drawable\\l2.png"
    },
    {
        "merged": "E:\\sufe_plazaapp\\app\\build\\intermediates\\res\\merged\\debug\\drawable_ic_wodeguanzhu_white_24dp.png.flat",
        "source": "E:\\sufe_plazaapp\\app\\src\\main\\res\\drawable\\ic_wodeguanzhu_white_24dp.png"
    },
    {
        "merged": "E:\\sufe_plazaapp\\app\\build\\intermediates\\res\\merged\\debug\\mipmap-hdpi_ic_launcher.png.flat",
        "source": "E:\\sufe_plazaapp\\app\\src\\main\\res\\mipmap-hdpi\\ic_launcher.png"
    },
    {
        "merged": "E:\\sufe_plazaapp\\app\\build\\intermediates\\res\\merged\\debug\\drawable_shape_1.xml.flat",
        "source": "E:\\sufe_plazaapp\\app\\src\\main\\res\\drawable\\shape_1.xml"
    },
    {
        "merged": "E:\\sufe_plazaapp\\app\\build\\intermediates\\res\\merged\\debug\\drawable_image_15.png.flat",
        "source": "E:\\sufe_plazaapp\\app\\src\\main\\res\\drawable\\image_15.png"
    },
    {
        "merged": "E:\\sufe_plazaapp\\app\\build\\intermediates\\res\\merged\\debug\\mipmap-mdpi_ic_launcher_round.png.flat",
        "source": "E:\\sufe_plazaapp\\app\\src\\main\\res\\mipmap-mdpi\\ic_launcher_round.png"
    },
    {
        "merged": "E:\\sufe_plazaapp\\app\\build\\intermediates\\res\\merged\\debug\\drawable_list_fenxiang.xml.flat",
        "source": "E:\\sufe_plazaapp\\app\\src\\main\\res\\drawable\\list_fenxiang.xml"
    },
    {
        "merged": "E:\\sufe_plazaapp\\app\\build\\intermediates\\res\\merged\\debug\\drawable_ic_yingyongguanli_white_24dp.png.flat",
        "source": "E:\\sufe_plazaapp\\app\\src\\main\\res\\drawable\\ic_yingyongguanli_white_24dp.png"
    },
    {
        "merged": "E:\\sufe_plazaapp\\app\\build\\intermediates\\res\\merged\\debug\\mipmap-mdpi_ic_launcher.png.flat",
        "source": "E:\\sufe_plazaapp\\app\\src\\main\\res\\mipmap-mdpi\\ic_launcher.png"
    },
    {
        "merged": "E:\\sufe_plazaapp\\app\\build\\intermediates\\res\\merged\\debug\\drawable_l5.png.flat",
        "source": "E:\\sufe_plazaapp\\app\\src\\main\\res\\drawable\\l5.png"
    },
    {
        "merged": "E:\\sufe_plazaapp\\app\\build\\intermediates\\res\\merged\\debug\\drawable_image_18.png.flat",
        "source": "E:\\sufe_plazaapp\\app\\src\\main\\res\\drawable\\image_18.png"
    },
    {
        "merged": "E:\\sufe_plazaapp\\app\\build\\intermediates\\res\\merged\\debug\\drawable_guanyu_yuanjiao2.xml.flat",
        "source": "E:\\sufe_plazaapp\\app\\src\\main\\res\\drawable\\guanyu_yuanjiao2.xml"
    },
    {
        "merged": "E:\\sufe_plazaapp\\app\\build\\intermediates\\res\\merged\\debug\\drawable_xbpic.png.flat",
        "source": "E:\\sufe_plazaapp\\app\\src\\main\\res\\drawable\\xbpic.png"
    },
    {
        "merged": "E:\\sufe_plazaapp\\app\\build\\intermediates\\res\\merged\\debug\\drawable_shape_button.xml.flat",
        "source": "E:\\sufe_plazaapp\\app\\src\\main\\res\\drawable\\shape_button.xml"
    },
    {
        "merged": "E:\\sufe_plazaapp\\app\\build\\intermediates\\res\\merged\\debug\\layout_activity_main.xml.flat",
        "source": "E:\\sufe_plazaapp\\app\\src\\main\\res\\layout\\activity_main.xml"
    },
    {
        "merged": "E:\\sufe_plazaapp\\app\\build\\intermediates\\res\\merged\\debug\\drawable_image_heng.png.flat",
        "source": "E:\\sufe_plazaapp\\app\\src\\main\\res\\drawable\\image_heng.png"
    },
    {
        "merged": "E:\\sufe_plazaapp\\app\\build\\intermediates\\res\\merged\\debug\\drawable_zhuanfa.png.flat",
        "source": "E:\\sufe_plazaapp\\app\\src\\main\\res\\drawable\\zhuanfa.png"
    },
    {
        "merged": "E:\\sufe_plazaapp\\app\\build\\intermediates\\res\\merged\\debug\\drawable_ershou.png.flat",
        "source": "E:\\sufe_plazaapp\\app\\src\\main\\res\\drawable\\ershou.png"
    },
    {
        "merged": "E:\\sufe_plazaapp\\app\\build\\intermediates\\res\\merged\\debug\\drawable_left.png.flat",
        "source": "E:\\sufe_plazaapp\\app\\src\\main\\res\\drawable\\left.png"
    },
    {
        "merged": "E:\\sufe_plazaapp\\app\\build\\intermediates\\res\\merged\\debug\\drawable_xinwen.png.flat",
        "source": "E:\\sufe_plazaapp\\app\\src\\main\\res\\drawable\\xinwen.png"
    },
    {
        "merged": "E:\\sufe_plazaapp\\app\\build\\intermediates\\res\\merged\\debug\\drawable_image_4.png.flat",
        "source": "E:\\sufe_plazaapp\\app\\src\\main\\res\\drawable\\image_4.png"
    },
    {
        "merged": "E:\\sufe_plazaapp\\app\\build\\intermediates\\res\\merged\\debug\\drawable_yuanjiao2.xml.flat",
        "source": "E:\\sufe_plazaapp\\app\\src\\main\\res\\drawable\\yuanjiao2.xml"
    },
    {
        "merged": "E:\\sufe_plazaapp\\app\\build\\intermediates\\res\\merged\\debug\\drawable_ic_gengduo_white_24dp.png.flat",
        "source": "E:\\sufe_plazaapp\\app\\src\\main\\res\\drawable\\ic_gengduo_white_24dp.png"
    },
    {
        "merged": "E:\\sufe_plazaapp\\app\\build\\intermediates\\res\\merged\\debug\\drawable_qmpic.png.flat",
        "source": "E:\\sufe_plazaapp\\app\\src\\main\\res\\drawable\\qmpic.png"
    },
    {
        "merged": "E:\\sufe_plazaapp\\app\\build\\intermediates\\res\\merged\\debug\\drawable_saomiao.png.flat",
        "source": "E:\\sufe_plazaapp\\app\\src\\main\\res\\drawable\\saomiao.png"
    },
    {
        "merged": "E:\\sufe_plazaapp\\app\\build\\intermediates\\res\\merged\\debug\\layout_activity_sign.xml.flat",
        "source": "E:\\sufe_plazaapp\\app\\src\\main\\res\\layout\\activity_sign.xml"
    },
    {
        "merged": "E:\\sufe_plazaapp\\app\\build\\intermediates\\res\\merged\\debug\\drawable_shiwu.png.flat",
        "source": "E:\\sufe_plazaapp\\app\\src\\main\\res\\drawable\\shiwu.png"
    },
    {
        "merged": "E:\\sufe_plazaapp\\app\\build\\intermediates\\res\\merged\\debug\\drawable_ershou_my.png.flat",
        "source": "E:\\sufe_plazaapp\\app\\src\\main\\res\\drawable\\ershou_my.png"
    },
    {
        "merged": "E:\\sufe_plazaapp\\app\\build\\intermediates\\res\\merged\\debug\\layout_fragementgame.xml.flat",
        "source": "E:\\sufe_plazaapp\\app\\src\\main\\res\\layout\\fragementgame.xml"
    },
    {
        "merged": "E:\\sufe_plazaapp\\app\\build\\intermediates\\res\\merged\\debug\\drawable_homepage.png.flat",
        "source": "E:\\sufe_plazaapp\\app\\src\\main\\res\\drawable\\homepage.png"
    },
    {
        "merged": "E:\\sufe_plazaapp\\app\\build\\intermediates\\res\\merged\\debug\\drawable_jianzhi.png.flat",
        "source": "E:\\sufe_plazaapp\\app\\src\\main\\res\\drawable\\jianzhi.png"
    },
    {
        "merged": "E:\\sufe_plazaapp\\app\\build\\intermediates\\res\\merged\\debug\\drawable_owl_login_arm_left.png.flat",
        "source": "E:\\sufe_plazaapp\\app\\src\\main\\res\\drawable\\owl_login_arm_left.png"
    },
    {
        "merged": "E:\\sufe_plazaapp\\app\\build\\intermediates\\res\\merged\\debug\\drawable_image_28.png.flat",
        "source": "E:\\sufe_plazaapp\\app\\src\\main\\res\\drawable\\image_28.png"
    },
    {
        "merged": "E:\\sufe_plazaapp\\app\\build\\intermediates\\res\\merged\\debug\\drawable-hdpi_search.png.flat",
        "source": "E:\\sufe_plazaapp\\app\\build\\generated\\res\\pngs\\debug\\drawable-hdpi\\search.png"
    },
    {
        "merged": "E:\\sufe_plazaapp\\app\\build\\intermediates\\res\\merged\\debug\\drawable_yuanjiao1.xml.flat",
        "source": "E:\\sufe_plazaapp\\app\\src\\main\\res\\drawable\\yuanjiao1.xml"
    },
    {
        "merged": "E:\\sufe_plazaapp\\app\\build\\intermediates\\res\\merged\\debug\\drawable_shouji.png.flat",
        "source": "E:\\sufe_plazaapp\\app\\src\\main\\res\\drawable\\shouji.png"
    },
    {
        "merged": "E:\\sufe_plazaapp\\app\\build\\intermediates\\res\\merged\\debug\\drawable_ic_wodehuida_white_24dp.png.flat",
        "source": "E:\\sufe_plazaapp\\app\\src\\main\\res\\drawable\\ic_wodehuida_white_24dp.png"
    },
    {
        "merged": "E:\\sufe_plazaapp\\app\\build\\intermediates\\res\\merged\\debug\\drawable_left_start.png.flat",
        "source": "E:\\sufe_plazaapp\\app\\src\\main\\res\\drawable\\left_start.png"
    },
    {
        "merged": "E:\\sufe_plazaapp\\app\\build\\intermediates\\res\\merged\\debug\\drawable_image_13.png.flat",
        "source": "E:\\sufe_plazaapp\\app\\src\\main\\res\\drawable\\image_13.png"
    },
    {
        "merged": "E:\\sufe_plazaapp\\app\\build\\intermediates\\res\\merged\\debug\\drawable-ldpi_ic_launcher_background.png.flat",
        "source": "E:\\sufe_plazaapp\\app\\build\\generated\\res\\pngs\\debug\\drawable-ldpi\\ic_launcher_background.png"
    },
    {
        "merged": "E:\\sufe_plazaapp\\app\\build\\intermediates\\res\\merged\\debug\\mipmap-xxxhdpi_ic_launcher.png.flat",
        "source": "E:\\sufe_plazaapp\\app\\src\\main\\res\\mipmap-xxxhdpi\\ic_launcher.png"
    },
    {
        "merged": "E:\\sufe_plazaapp\\app\\build\\intermediates\\res\\merged\\debug\\drawable_l9.png.flat",
        "source": "E:\\sufe_plazaapp\\app\\src\\main\\res\\drawable\\l9.png"
    },
    {
        "merged": "E:\\sufe_plazaapp\\app\\build\\intermediates\\res\\merged\\debug\\drawable-hdpi_jiantou.png.flat",
        "source": "E:\\sufe_plazaapp\\app\\build\\generated\\res\\pngs\\debug\\drawable-hdpi\\jiantou.png"
    },
    {
        "merged": "E:\\sufe_plazaapp\\app\\build\\intermediates\\res\\merged\\debug\\drawable_shape_layout.xml.flat",
        "source": "E:\\sufe_plazaapp\\app\\src\\main\\res\\drawable\\shape_layout.xml"
    },
    {
        "merged": "E:\\sufe_plazaapp\\app\\build\\intermediates\\res\\merged\\debug\\drawable_ic_heimingdan_white_24dp.png.flat",
        "source": "E:\\sufe_plazaapp\\app\\src\\main\\res\\drawable\\ic_heimingdan_white_24dp.png"
    },
    {
        "merged": "E:\\sufe_plazaapp\\app\\build\\intermediates\\res\\merged\\debug\\drawable-xxhdpi_search.png.flat",
        "source": "E:\\sufe_plazaapp\\app\\build\\generated\\res\\pngs\\debug\\drawable-xxhdpi\\search.png"
    },
    {
        "merged": "E:\\sufe_plazaapp\\app\\build\\intermediates\\res\\merged\\debug\\drawable_logo_splash.png.flat",
        "source": "E:\\sufe_plazaapp\\app\\src\\main\\res\\drawable\\logo_splash.png"
    },
    {
        "merged": "E:\\sufe_plazaapp\\app\\build\\intermediates\\res\\merged\\debug\\drawable_ic_wodepinglun_white_24dp.png.flat",
        "source": "E:\\sufe_plazaapp\\app\\src\\main\\res\\drawable\\ic_wodepinglun_white_24dp.png"
    },
    {
        "merged": "E:\\sufe_plazaapp\\app\\build\\intermediates\\res\\merged\\debug\\drawable_ic_kutu_circle_white_24dp.png.flat",
        "source": "E:\\sufe_plazaapp\\app\\src\\main\\res\\drawable\\ic_kutu_circle_white_24dp.png"
    },
    {
        "merged": "E:\\sufe_plazaapp\\app\\build\\intermediates\\res\\merged\\debug\\drawable_ic_woguanzhudehuati_white_24dp.png.flat",
        "source": "E:\\sufe_plazaapp\\app\\src\\main\\res\\drawable\\ic_woguanzhudehuati_white_24dp.png"
    },
    {
        "merged": "E:\\sufe_plazaapp\\app\\build\\intermediates\\res\\merged\\debug\\drawable_bk.xml.flat",
        "source": "E:\\sufe_plazaapp\\app\\src\\main\\res\\drawable\\bk.xml"
    },
    {
        "merged": "E:\\sufe_plazaapp\\app\\build\\intermediates\\res\\merged\\debug\\drawable_dengji.png.flat",
        "source": "E:\\sufe_plazaapp\\app\\src\\main\\res\\drawable\\dengji.png"
    },
    {
        "merged": "E:\\sufe_plazaapp\\app\\build\\intermediates\\res\\merged\\debug\\drawable-xxhdpi_back.png.flat",
        "source": "E:\\sufe_plazaapp\\app\\build\\generated\\res\\pngs\\debug\\drawable-xxhdpi\\back.png"
    },
    {
        "merged": "E:\\sufe_plazaapp\\app\\build\\intermediates\\res\\merged\\debug\\mipmap-anydpi-v26_ic_launcher.xml.flat",
        "source": "E:\\sufe_plazaapp\\app\\src\\main\\res\\mipmap-anydpi-v26\\ic_launcher.xml"
    },
    {
        "merged": "E:\\sufe_plazaapp\\app\\build\\intermediates\\res\\merged\\debug\\drawable_mine.png.flat",
        "source": "E:\\sufe_plazaapp\\app\\src\\main\\res\\drawable\\mine.png"
    },
    {
        "merged": "E:\\sufe_plazaapp\\app\\build\\intermediates\\res\\merged\\debug\\drawable-xhdpi_back.png.flat",
        "source": "E:\\sufe_plazaapp\\app\\build\\generated\\res\\pngs\\debug\\drawable-xhdpi\\back.png"
    },
    {
        "merged": "E:\\sufe_plazaapp\\app\\build\\intermediates\\res\\merged\\debug\\drawable_shape_banner.xml.flat",
        "source": "E:\\sufe_plazaapp\\app\\src\\main\\res\\drawable\\shape_banner.xml"
    },
    {
        "merged": "E:\\sufe_plazaapp\\app\\build\\intermediates\\res\\merged\\debug\\drawable_sc_press.png.flat",
        "source": "E:\\sufe_plazaapp\\app\\src\\main\\res\\drawable\\sc_press.png"
    },
    {
        "merged": "E:\\sufe_plazaapp\\app\\build\\intermediates\\res\\merged\\debug\\drawable-anydpi-v21_jiantou.xml.flat",
        "source": "E:\\sufe_plazaapp\\app\\build\\generated\\res\\pngs\\debug\\drawable-anydpi-v21\\jiantou.xml"
    },
    {
        "merged": "E:\\sufe_plazaapp\\app\\build\\intermediates\\res\\merged\\debug\\drawable-hdpi_back.png.flat",
        "source": "E:\\sufe_plazaapp\\app\\build\\generated\\res\\pngs\\debug\\drawable-hdpi\\back.png"
    },
    {
        "merged": "E:\\sufe_plazaapp\\app\\build\\intermediates\\res\\merged\\debug\\drawable_ic_shezhi_white_24dp.png.flat",
        "source": "E:\\sufe_plazaapp\\app\\src\\main\\res\\drawable\\ic_shezhi_white_24dp.png"
    },
    {
        "merged": "E:\\sufe_plazaapp\\app\\build\\intermediates\\res\\merged\\debug\\drawable_ic_wodetuwen_white_24dp.png.flat",
        "source": "E:\\sufe_plazaapp\\app\\src\\main\\res\\drawable\\ic_wodetuwen_white_24dp.png"
    },
    {
        "merged": "E:\\sufe_plazaapp\\app\\build\\intermediates\\res\\merged\\debug\\xml_network_security_config.xml.flat",
        "source": "E:\\sufe_plazaapp\\app\\src\\main\\res\\xml\\network_security_config.xml"
    },
    {
        "merged": "E:\\sufe_plazaapp\\app\\build\\intermediates\\res\\merged\\debug\\drawable_shape_focus.xml.flat",
        "source": "E:\\sufe_plazaapp\\app\\src\\main\\res\\drawable\\shape_focus.xml"
    },
    {
        "merged": "E:\\sufe_plazaapp\\app\\build\\intermediates\\res\\merged\\debug\\drawable_shape_2.xml.flat",
        "source": "E:\\sufe_plazaapp\\app\\src\\main\\res\\drawable\\shape_2.xml"
    },
    {
        "merged": "E:\\sufe_plazaapp\\app\\build\\intermediates\\res\\merged\\debug\\drawable_image_5.png.flat",
        "source": "E:\\sufe_plazaapp\\app\\src\\main\\res\\drawable\\image_5.png"
    },
    {
        "merged": "E:\\sufe_plazaapp\\app\\build\\intermediates\\res\\merged\\debug\\drawable_gengduo_my.png.flat",
        "source": "E:\\sufe_plazaapp\\app\\src\\main\\res\\drawable\\gengduo_my.png"
    },
    {
        "merged": "E:\\sufe_plazaapp\\app\\build\\intermediates\\res\\merged\\debug\\drawable_write.png.flat",
        "source": "E:\\sufe_plazaapp\\app\\src\\main\\res\\drawable\\write.png"
    },
    {
        "merged": "E:\\sufe_plazaapp\\app\\build\\intermediates\\res\\merged\\debug\\drawable-v24_ic_launcher_foreground.xml.flat",
        "source": "E:\\sufe_plazaapp\\app\\src\\main\\res\\drawable-v24\\ic_launcher_foreground.xml"
    },
    {
        "merged": "E:\\sufe_plazaapp\\app\\build\\intermediates\\res\\merged\\debug\\drawable_image_14.png.flat",
        "source": "E:\\sufe_plazaapp\\app\\src\\main\\res\\drawable\\image_14.png"
    },
    {
        "merged": "E:\\sufe_plazaapp\\app\\build\\intermediates\\res\\merged\\debug\\drawable-xxxhdpi_search.png.flat",
        "source": "E:\\sufe_plazaapp\\app\\build\\generated\\res\\pngs\\debug\\drawable-xxxhdpi\\search.png"
    },
    {
        "merged": "E:\\sufe_plazaapp\\app\\build\\intermediates\\res\\merged\\debug\\drawable_collect.png.flat",
        "source": "E:\\sufe_plazaapp\\app\\src\\main\\res\\drawable\\collect.png"
    },
    {
        "merged": "E:\\sufe_plazaapp\\app\\build\\intermediates\\res\\merged\\debug\\drawable-xxxhdpi_ic_launcher_background.png.flat",
        "source": "E:\\sufe_plazaapp\\app\\build\\generated\\res\\pngs\\debug\\drawable-xxxhdpi\\ic_launcher_background.png"
    },
    {
        "merged": "E:\\sufe_plazaapp\\app\\build\\intermediates\\res\\merged\\debug\\drawable_image_10.png.flat",
        "source": "E:\\sufe_plazaapp\\app\\src\\main\\res\\drawable\\image_10.png"
    },
    {
        "merged": "E:\\sufe_plazaapp\\app\\build\\intermediates\\res\\merged\\debug\\mipmap-xhdpi_ic_launcher.png.flat",
        "source": "E:\\sufe_plazaapp\\app\\src\\main\\res\\mipmap-xhdpi\\ic_launcher.png"
    },
    {
        "merged": "E:\\sufe_plazaapp\\app\\build\\intermediates\\res\\merged\\debug\\mipmap-anydpi-v26_ic_launcher_round.xml.flat",
        "source": "E:\\sufe_plazaapp\\app\\src\\main\\res\\mipmap-anydpi-v26\\ic_launcher_round.xml"
    },
    {
        "merged": "E:\\sufe_plazaapp\\app\\build\\intermediates\\res\\merged\\debug\\drawable_image_8.png.flat",
        "source": "E:\\sufe_plazaapp\\app\\src\\main\\res\\drawable\\image_8.png"
    },
    {
        "merged": "E:\\sufe_plazaapp\\app\\build\\intermediates\\res\\merged\\debug\\drawable-xxhdpi_ic_launcher_background.png.flat",
        "source": "E:\\sufe_plazaapp\\app\\build\\generated\\res\\pngs\\debug\\drawable-xxhdpi\\ic_launcher_background.png"
    },
    {
        "merged": "E:\\sufe_plazaapp\\app\\build\\intermediates\\res\\merged\\debug\\drawable_delete.png.flat",
        "source": "E:\\sufe_plazaapp\\app\\src\\main\\res\\drawable\\delete.png"
    },
    {
        "merged": "E:\\sufe_plazaapp\\app\\build\\intermediates\\res\\merged\\debug\\drawable_dianzan.png.flat",
        "source": "E:\\sufe_plazaapp\\app\\src\\main\\res\\drawable\\dianzan.png"
    },
    {
        "merged": "E:\\sufe_plazaapp\\app\\build\\intermediates\\res\\merged\\debug\\mipmap-xxxhdpi_ic_launcher_round.png.flat",
        "source": "E:\\sufe_plazaapp\\app\\src\\main\\res\\mipmap-xxxhdpi\\ic_launcher_round.png"
    },
    {
        "merged": "E:\\sufe_plazaapp\\app\\build\\intermediates\\res\\merged\\debug\\drawable_ic_wodedingyue_white_24dp.png.flat",
        "source": "E:\\sufe_plazaapp\\app\\src\\main\\res\\drawable\\ic_wodedingyue_white_24dp.png"
    },
    {
        "merged": "E:\\sufe_plazaapp\\app\\build\\intermediates\\res\\merged\\debug\\drawable_shape_rec.xml.flat",
        "source": "E:\\sufe_plazaapp\\app\\src\\main\\res\\drawable\\shape_rec.xml"
    },
    {
        "merged": "E:\\sufe_plazaapp\\app\\build\\intermediates\\res\\merged\\debug\\drawable_jianzhi_my.png.flat",
        "source": "E:\\sufe_plazaapp\\app\\src\\main\\res\\drawable\\jianzhi_my.png"
    },
    {
        "merged": "E:\\sufe_plazaapp\\app\\build\\intermediates\\res\\merged\\debug\\drawable_lingdang.png.flat",
        "source": "E:\\sufe_plazaapp\\app\\src\\main\\res\\drawable\\lingdang.png"
    },
    {
        "merged": "E:\\sufe_plazaapp\\app\\build\\intermediates\\res\\merged\\debug\\drawable_shape_myinfo.xml.flat",
        "source": "E:\\sufe_plazaapp\\app\\src\\main\\res\\drawable\\shape_myinfo.xml"
    },
    {
        "merged": "E:\\sufe_plazaapp\\app\\build\\intermediates\\res\\merged\\debug\\drawable_shape_reghelp.xml.flat",
        "source": "E:\\sufe_plazaapp\\app\\src\\main\\res\\drawable\\shape_reghelp.xml"
    },
    {
        "merged": "E:\\sufe_plazaapp\\app\\build\\intermediates\\res\\merged\\debug\\drawable_man.png.flat",
        "source": "E:\\sufe_plazaapp\\app\\src\\main\\res\\drawable\\man.png"
    },
    {
        "merged": "E:\\sufe_plazaapp\\app\\build\\intermediates\\res\\merged\\debug\\drawable_shape_fans_likes.xml.flat",
        "source": "E:\\sufe_plazaapp\\app\\src\\main\\res\\drawable\\shape_fans_likes.xml"
    },
    {
        "merged": "E:\\sufe_plazaapp\\app\\build\\intermediates\\res\\merged\\debug\\drawable_qx.png.flat",
        "source": "E:\\sufe_plazaapp\\app\\src\\main\\res\\drawable\\qx.png"
    },
    {
        "merged": "E:\\sufe_plazaapp\\app\\build\\intermediates\\res\\merged\\debug\\drawable-ldpi_search.png.flat",
        "source": "E:\\sufe_plazaapp\\app\\build\\generated\\res\\pngs\\debug\\drawable-ldpi\\search.png"
    },
    {
        "merged": "E:\\sufe_plazaapp\\app\\build\\intermediates\\res\\merged\\debug\\drawable-ldpi_back.png.flat",
        "source": "E:\\sufe_plazaapp\\app\\build\\generated\\res\\pngs\\debug\\drawable-ldpi\\back.png"
    },
    {
        "merged": "E:\\sufe_plazaapp\\app\\build\\intermediates\\res\\merged\\debug\\drawable_image_7.png.flat",
        "source": "E:\\sufe_plazaapp\\app\\src\\main\\res\\drawable\\image_7.png"
    },
    {
        "merged": "E:\\sufe_plazaapp\\app\\build\\intermediates\\res\\merged\\debug\\drawable-ldpi_jiantou.png.flat",
        "source": "E:\\sufe_plazaapp\\app\\build\\generated\\res\\pngs\\debug\\drawable-ldpi\\jiantou.png"
    },
    {
        "merged": "E:\\sufe_plazaapp\\app\\build\\intermediates\\res\\merged\\debug\\drawable_order_fill.png.flat",
        "source": "E:\\sufe_plazaapp\\app\\src\\main\\res\\drawable\\order_fill.png"
    },
    {
        "merged": "E:\\sufe_plazaapp\\app\\build\\intermediates\\res\\merged\\debug\\drawable_image_12.png.flat",
        "source": "E:\\sufe_plazaapp\\app\\src\\main\\res\\drawable\\image_12.png"
    },
    {
        "merged": "E:\\sufe_plazaapp\\app\\build\\intermediates\\res\\merged\\debug\\drawable_ic_wodeshoucang_white_24dp.png.flat",
        "source": "E:\\sufe_plazaapp\\app\\src\\main\\res\\drawable\\ic_wodeshoucang_white_24dp.png"
    },
    {
        "merged": "E:\\sufe_plazaapp\\app\\build\\intermediates\\res\\merged\\debug\\drawable-xxhdpi_jiantou.png.flat",
        "source": "E:\\sufe_plazaapp\\app\\build\\generated\\res\\pngs\\debug\\drawable-xxhdpi\\jiantou.png"
    },
    {
        "merged": "E:\\sufe_plazaapp\\app\\build\\intermediates\\res\\merged\\debug\\drawable_guanzhu_my.png.flat",
        "source": "E:\\sufe_plazaapp\\app\\src\\main\\res\\drawable\\guanzhu_my.png"
    },
    {
        "merged": "E:\\sufe_plazaapp\\app\\build\\intermediates\\res\\merged\\debug\\drawable_image_6.png.flat",
        "source": "E:\\sufe_plazaapp\\app\\src\\main\\res\\drawable\\image_6.png"
    },
    {
        "merged": "E:\\sufe_plazaapp\\app\\build\\intermediates\\res\\merged\\debug\\drawable_gril.png.flat",
        "source": "E:\\sufe_plazaapp\\app\\src\\main\\res\\drawable\\gril.png"
    },
    {
        "merged": "E:\\sufe_plazaapp\\app\\build\\intermediates\\res\\merged\\debug\\drawable_sc_normal.png.flat",
        "source": "E:\\sufe_plazaapp\\app\\src\\main\\res\\drawable\\sc_normal.png"
    },
    {
        "merged": "E:\\sufe_plazaapp\\app\\build\\intermediates\\res\\merged\\debug\\drawable_mobilephone.png.flat",
        "source": "E:\\sufe_plazaapp\\app\\src\\main\\res\\drawable\\mobilephone.png"
    },
    {
        "merged": "E:\\sufe_plazaapp\\app\\build\\intermediates\\res\\merged\\debug\\drawable_caidan.png.flat",
        "source": "E:\\sufe_plazaapp\\app\\src\\main\\res\\drawable\\caidan.png"
    },
    {
        "merged": "E:\\sufe_plazaapp\\app\\build\\intermediates\\res\\merged\\debug\\drawable_tell.png.flat",
        "source": "E:\\sufe_plazaapp\\app\\src\\main\\res\\drawable\\tell.png"
    },
    {
        "merged": "E:\\sufe_plazaapp\\app\\build\\intermediates\\res\\merged\\debug\\drawable_eyeopen.png.flat",
        "source": "E:\\sufe_plazaapp\\app\\src\\main\\res\\drawable\\eyeopen.png"
    },
    {
        "merged": "E:\\sufe_plazaapp\\app\\build\\intermediates\\res\\merged\\debug\\drawable_zhpic.png.flat",
        "source": "E:\\sufe_plazaapp\\app\\src\\main\\res\\drawable\\zhpic.png"
    },
    {
        "merged": "E:\\sufe_plazaapp\\app\\build\\intermediates\\res\\merged\\debug\\drawable-mdpi_jiantou.png.flat",
        "source": "E:\\sufe_plazaapp\\app\\build\\generated\\res\\pngs\\debug\\drawable-mdpi\\jiantou.png"
    },
    {
        "merged": "E:\\sufe_plazaapp\\app\\build\\intermediates\\res\\merged\\debug\\drawable_mobilephone_fill.png.flat",
        "source": "E:\\sufe_plazaapp\\app\\src\\main\\res\\drawable\\mobilephone_fill.png"
    },
    {
        "merged": "E:\\sufe_plazaapp\\app\\build\\intermediates\\res\\merged\\debug\\drawable_owl_login.png.flat",
        "source": "E:\\sufe_plazaapp\\app\\src\\main\\res\\drawable\\owl_login.png"
    },
    {
        "merged": "E:\\sufe_plazaapp\\app\\build\\intermediates\\res\\merged\\debug\\drawable_ic_yingyongji_white_24dp.png.flat",
        "source": "E:\\sufe_plazaapp\\app\\src\\main\\res\\drawable\\ic_yingyongji_white_24dp.png"
    },
    {
        "merged": "E:\\sufe_plazaapp\\app\\build\\intermediates\\res\\merged\\debug\\drawable_shoucang_black.png.flat",
        "source": "E:\\sufe_plazaapp\\app\\src\\main\\res\\drawable\\shoucang_black.png"
    },
    {
        "merged": "E:\\sufe_plazaapp\\app\\build\\intermediates\\res\\merged\\debug\\drawable_rz_cx.png.flat",
        "source": "E:\\sufe_plazaapp\\app\\src\\main\\res\\drawable\\rz_cx.png"
    },
    {
        "merged": "E:\\sufe_plazaapp\\app\\build\\intermediates\\res\\merged\\debug\\drawable_gengduo_1.png.flat",
        "source": "E:\\sufe_plazaapp\\app\\src\\main\\res\\drawable\\gengduo_1.png"
    },
    {
        "merged": "E:\\sufe_plazaapp\\app\\build\\intermediates\\res\\merged\\debug\\drawable_image_9.png.flat",
        "source": "E:\\sufe_plazaapp\\app\\src\\main\\res\\drawable\\image_9.png"
    },
    {
        "merged": "E:\\sufe_plazaapp\\app\\build\\intermediates\\res\\merged\\debug\\drawable_ic_history_white_24dp.png.flat",
        "source": "E:\\sufe_plazaapp\\app\\src\\main\\res\\drawable\\ic_history_white_24dp.png"
    },
    {
        "merged": "E:\\sufe_plazaapp\\app\\build\\intermediates\\res\\merged\\debug\\drawable_shape_choosegender.xml.flat",
        "source": "E:\\sufe_plazaapp\\app\\src\\main\\res\\drawable\\shape_choosegender.xml"
    },
    {
        "merged": "E:\\sufe_plazaapp\\app\\build\\intermediates\\res\\merged\\debug\\drawable_xuexiao.png.flat",
        "source": "E:\\sufe_plazaapp\\app\\src\\main\\res\\drawable\\xuexiao.png"
    },
    {
        "merged": "E:\\sufe_plazaapp\\app\\build\\intermediates\\res\\merged\\debug\\drawable_l8.png.flat",
        "source": "E:\\sufe_plazaapp\\app\\src\\main\\res\\drawable\\l8.png"
    },
    {
        "merged": "E:\\sufe_plazaapp\\app\\build\\intermediates\\res\\merged\\debug\\drawable_xiajiantou.png.flat",
        "source": "E:\\sufe_plazaapp\\app\\src\\main\\res\\drawable\\xiajiantou.png"
    },
    {
        "merged": "E:\\sufe_plazaapp\\app\\build\\intermediates\\res\\merged\\debug\\layout_activity_splash.xml.flat",
        "source": "E:\\sufe_plazaapp\\app\\src\\main\\res\\layout\\activity_splash.xml"
    },
    {
        "merged": "E:\\sufe_plazaapp\\app\\build\\intermediates\\res\\merged\\debug\\drawable-xxxhdpi_back.png.flat",
        "source": "E:\\sufe_plazaapp\\app\\build\\generated\\res\\pngs\\debug\\drawable-xxxhdpi\\back.png"
    },
    {
        "merged": "E:\\sufe_plazaapp\\app\\build\\intermediates\\res\\merged\\debug\\drawable_xuexiao_my.png.flat",
        "source": "E:\\sufe_plazaapp\\app\\src\\main\\res\\drawable\\xuexiao_my.png"
    },
    {
        "merged": "E:\\sufe_plazaapp\\app\\build\\intermediates\\res\\merged\\debug\\drawable_you.png.flat",
        "source": "E:\\sufe_plazaapp\\app\\src\\main\\res\\drawable\\you.png"
    },
    {
        "merged": "E:\\sufe_plazaapp\\app\\build\\intermediates\\res\\merged\\debug\\drawable_homepage_fill.png.flat",
        "source": "E:\\sufe_plazaapp\\app\\src\\main\\res\\drawable\\homepage_fill.png"
    },
    {
        "merged": "E:\\sufe_plazaapp\\app\\build\\intermediates\\res\\merged\\debug\\drawable_zhijiaoshouji.png.flat",
        "source": "E:\\sufe_plazaapp\\app\\src\\main\\res\\drawable\\zhijiaoshouji.png"
    },
    {
        "merged": "E:\\sufe_plazaapp\\app\\build\\intermediates\\res\\merged\\debug\\drawable-xhdpi_jiantou.png.flat",
        "source": "E:\\sufe_plazaapp\\app\\build\\generated\\res\\pngs\\debug\\drawable-xhdpi\\jiantou.png"
    },
    {
        "merged": "E:\\sufe_plazaapp\\app\\build\\intermediates\\res\\merged\\debug\\drawable_yonghu.png.flat",
        "source": "E:\\sufe_plazaapp\\app\\src\\main\\res\\drawable\\yonghu.png"
    },
    {
        "merged": "E:\\sufe_plazaapp\\app\\build\\intermediates\\res\\merged\\debug\\drawable_add.png.flat",
        "source": "E:\\sufe_plazaapp\\app\\src\\main\\res\\drawable\\add.png"
    },
    {
        "merged": "E:\\sufe_plazaapp\\app\\build\\intermediates\\res\\merged\\debug\\drawable_l7.png.flat",
        "source": "E:\\sufe_plazaapp\\app\\src\\main\\res\\drawable\\l7.png"
    },
    {
        "merged": "E:\\sufe_plazaapp\\app\\build\\intermediates\\res\\merged\\debug\\drawable_pspic.png.flat",
        "source": "E:\\sufe_plazaapp\\app\\src\\main\\res\\drawable\\pspic.png"
    },
    {
        "merged": "E:\\sufe_plazaapp\\app\\build\\intermediates\\res\\merged\\debug\\drawable_rz_gr.png.flat",
        "source": "E:\\sufe_plazaapp\\app\\src\\main\\res\\drawable\\rz_gr.png"
    },
    {
        "merged": "E:\\sufe_plazaapp\\app\\build\\intermediates\\res\\merged\\debug\\drawable_image_3.png.flat",
        "source": "E:\\sufe_plazaapp\\app\\src\\main\\res\\drawable\\image_3.png"
    },
    {
        "merged": "E:\\sufe_plazaapp\\app\\build\\intermediates\\res\\merged\\debug\\mipmap-xhdpi_ic_launcher_round.png.flat",
        "source": "E:\\sufe_plazaapp\\app\\src\\main\\res\\mipmap-xhdpi\\ic_launcher_round.png"
    },
    {
        "merged": "E:\\sufe_plazaapp\\app\\build\\intermediates\\res\\merged\\debug\\drawable_yishiwupin.png.flat",
        "source": "E:\\sufe_plazaapp\\app\\src\\main\\res\\drawable\\yishiwupin.png"
    },
    {
        "merged": "E:\\sufe_plazaapp\\app\\build\\intermediates\\res\\merged\\debug\\drawable_taolun_my.png.flat",
        "source": "E:\\sufe_plazaapp\\app\\src\\main\\res\\drawable\\taolun_my.png"
    },
    {
        "merged": "E:\\sufe_plazaapp\\app\\build\\intermediates\\res\\merged\\debug\\drawable_ic_kaifazhe_white_24dp.png.flat",
        "source": "E:\\sufe_plazaapp\\app\\src\\main\\res\\drawable\\ic_kaifazhe_white_24dp.png"
    },
    {
        "merged": "E:\\sufe_plazaapp\\app\\build\\intermediates\\res\\merged\\debug\\drawable_shouye_1.png.flat",
        "source": "E:\\sufe_plazaapp\\app\\src\\main\\res\\drawable\\shouye_1.png"
    },
    {
        "merged": "E:\\sufe_plazaapp\\app\\build\\intermediates\\res\\merged\\debug\\drawable_image_29.png.flat",
        "source": "E:\\sufe_plazaapp\\app\\src\\main\\res\\drawable\\image_29.png"
    },
    {
        "merged": "E:\\sufe_plazaapp\\app\\build\\intermediates\\res\\merged\\debug\\drawable_touxiangyuanjiao.xml.flat",
        "source": "E:\\sufe_plazaapp\\app\\src\\main\\res\\drawable\\touxiangyuanjiao.xml"
    },
    {
        "merged": "E:\\sufe_plazaapp\\app\\build\\intermediates\\res\\merged\\debug\\drawable_xinxi.png.flat",
        "source": "E:\\sufe_plazaapp\\app\\src\\main\\res\\drawable\\xinxi.png"
    },
    {
        "merged": "E:\\sufe_plazaapp\\app\\build\\intermediates\\res\\merged\\debug\\drawable_pinglun.png.flat",
        "source": "E:\\sufe_plazaapp\\app\\src\\main\\res\\drawable\\pinglun.png"
    },
    {
        "merged": "E:\\sufe_plazaapp\\app\\build\\intermediates\\res\\merged\\debug\\drawable_l6.png.flat",
        "source": "E:\\sufe_plazaapp\\app\\src\\main\\res\\drawable\\l6.png"
    },
    {
        "merged": "E:\\sufe_plazaapp\\app\\build\\intermediates\\res\\merged\\debug\\layout_fragementcommunity.xml.flat",
        "source": "E:\\sufe_plazaapp\\app\\src\\main\\res\\layout\\fragementcommunity.xml"
    },
    {
        "merged": "E:\\sufe_plazaapp\\app\\build\\intermediates\\res\\merged\\debug\\drawable_xianzhi.png.flat",
        "source": "E:\\sufe_plazaapp\\app\\src\\main\\res\\drawable\\xianzhi.png"
    },
    {
        "merged": "E:\\sufe_plazaapp\\app\\build\\intermediates\\res\\merged\\debug\\drawable_save.png.flat",
        "source": "E:\\sufe_plazaapp\\app\\src\\main\\res\\drawable\\save.png"
    },
    {
        "merged": "E:\\sufe_plazaapp\\app\\build\\intermediates\\res\\merged\\debug\\drawable-mdpi_back.png.flat",
        "source": "E:\\sufe_plazaapp\\app\\build\\generated\\res\\pngs\\debug\\drawable-mdpi\\back.png"
    },
    {
        "merged": "E:\\sufe_plazaapp\\app\\build\\intermediates\\res\\merged\\debug\\drawable-anydpi-v21_ic_launcher_background.xml.flat",
        "source": "E:\\sufe_plazaapp\\app\\build\\generated\\res\\pngs\\debug\\drawable-anydpi-v21\\ic_launcher_background.xml"
    },
    {
        "merged": "E:\\sufe_plazaapp\\app\\build\\intermediates\\res\\merged\\debug\\drawable_logo_qx.png.flat",
        "source": "E:\\sufe_plazaapp\\app\\src\\main\\res\\drawable\\logo_qx.png"
    },
    {
        "merged": "E:\\sufe_plazaapp\\app\\build\\intermediates\\res\\merged\\debug\\drawable_szpt.png.flat",
        "source": "E:\\sufe_plazaapp\\app\\src\\main\\res\\drawable\\szpt.png"
    },
    {
        "merged": "E:\\sufe_plazaapp\\app\\build\\intermediates\\res\\merged\\debug\\drawable-xhdpi_search.png.flat",
        "source": "E:\\sufe_plazaapp\\app\\build\\generated\\res\\pngs\\debug\\drawable-xhdpi\\search.png"
    },
    {
        "merged": "E:\\sufe_plazaapp\\app\\build\\intermediates\\res\\merged\\debug\\drawable_shouye.png.flat",
        "source": "E:\\sufe_plazaapp\\app\\src\\main\\res\\drawable\\shouye.png"
    },
    {
        "merged": "E:\\sufe_plazaapp\\app\\build\\intermediates\\res\\merged\\debug\\drawable_addluntan.png.flat",
        "source": "E:\\sufe_plazaapp\\app\\src\\main\\res\\drawable\\addluntan.png"
    },
    {
        "merged": "E:\\sufe_plazaapp\\app\\build\\intermediates\\res\\merged\\debug\\drawable_guanzhu.png.flat",
        "source": "E:\\sufe_plazaapp\\app\\src\\main\\res\\drawable\\guanzhu.png"
    },
    {
        "merged": "E:\\sufe_plazaapp\\app\\build\\intermediates\\res\\merged\\debug\\drawable_fabu.png.flat",
        "source": "E:\\sufe_plazaapp\\app\\src\\main\\res\\drawable\\fabu.png"
    },
    {
        "merged": "E:\\sufe_plazaapp\\app\\build\\intermediates\\res\\merged\\debug\\drawable_gengduo_none.png.flat",
        "source": "E:\\sufe_plazaapp\\app\\src\\main\\res\\drawable\\gengduo_none.png"
    },
    {
        "merged": "E:\\sufe_plazaapp\\app\\build\\intermediates\\res\\merged\\debug\\drawable_shape_searchedit.xml.flat",
        "source": "E:\\sufe_plazaapp\\app\\src\\main\\res\\drawable\\shape_searchedit.xml"
    },
    {
        "merged": "E:\\sufe_plazaapp\\app\\build\\intermediates\\res\\merged\\debug\\drawable_collect_my.png.flat",
        "source": "E:\\sufe_plazaapp\\app\\src\\main\\res\\drawable\\collect_my.png"
    },
    {
        "merged": "E:\\sufe_plazaapp\\app\\build\\intermediates\\res\\merged\\debug\\drawable_set.png.flat",
        "source": "E:\\sufe_plazaapp\\app\\src\\main\\res\\drawable\\set.png"
    },
    {
        "merged": "E:\\sufe_plazaapp\\app\\build\\intermediates\\res\\merged\\debug\\drawable_image_11.png.flat",
        "source": "E:\\sufe_plazaapp\\app\\src\\main\\res\\drawable\\image_11.png"
    },
    {
        "merged": "E:\\sufe_plazaapp\\app\\build\\intermediates\\res\\merged\\debug\\drawable_down.png.flat",
        "source": "E:\\sufe_plazaapp\\app\\src\\main\\res\\drawable\\down.png"
    },
    {
        "merged": "E:\\sufe_plazaapp\\app\\build\\intermediates\\res\\merged\\debug\\drawable_l1.png.flat",
        "source": "E:\\sufe_plazaapp\\app\\src\\main\\res\\drawable\\l1.png"
    },
    {
        "merged": "E:\\sufe_plazaapp\\app\\build\\intermediates\\res\\merged\\debug\\drawable_owl_login_arm_right.png.flat",
        "source": "E:\\sufe_plazaapp\\app\\src\\main\\res\\drawable\\owl_login_arm_right.png"
    },
    {
        "merged": "E:\\sufe_plazaapp\\app\\build\\intermediates\\res\\merged\\debug\\drawable_image_2.png.flat",
        "source": "E:\\sufe_plazaapp\\app\\src\\main\\res\\drawable\\image_2.png"
    },
    {
        "merged": "E:\\sufe_plazaapp\\app\\build\\intermediates\\res\\merged\\debug\\drawable_yuanjiaoshouji.png.flat",
        "source": "E:\\sufe_plazaapp\\app\\src\\main\\res\\drawable\\yuanjiaoshouji.png"
    },
    {
        "merged": "E:\\sufe_plazaapp\\app\\build\\intermediates\\res\\merged\\debug\\drawable-mdpi_ic_launcher_background.png.flat",
        "source": "E:\\sufe_plazaapp\\app\\build\\generated\\res\\pngs\\debug\\drawable-mdpi\\ic_launcher_background.png"
    },
    {
        "merged": "E:\\sufe_plazaapp\\app\\build\\intermediates\\res\\merged\\debug\\drawable_mine_fill.png.flat",
        "source": "E:\\sufe_plazaapp\\app\\src\\main\\res\\drawable\\mine_fill.png"
    }
]