{
    "logs": [
        {
            "outputFile": "E:\\sufe_plazaapp\\app\\build\\intermediates\\incremental\\mergeDebugResources\\merged.dir\\values-v28\\values-v28.xml",
            "map": [
                {
                    "source": "C:\\Users\\DC-big-old\\.gradle\\caches\\transforms-2\\files-2.1\\8cd05cce97d79b0b8d0cf511d329dc6e\\material-1.2.0-alpha05\\res\\values-v28\\values-v28.xml",
                    "from": {
                        "startLines": "2,3,4,5,6,7,8,9",
                        "startColumns": "4,4,4,4,4,4,4,4",
                        "startOffsets": "55,143,231,319,407,494,581,668",
                        "endColumns": "87,87,87,87,86,86,86,86",
                        "endOffsets": "138,226,314,402,489,576,663,750"
                    }
                },
                {
                    "source": "C:\\Users\\DC-big-old\\.gradle\\caches\\transforms-2\\files-2.1\\c2c5fa787d66aaf40578b3071f4d283f\\appcompat-1.1.0\\res\\values-v28\\values-v28.xml",
                    "from": {
                        "startLines": "2,3,4,8",
                        "startColumns": "4,4,4,4",
                        "startOffsets": "55,130,217,447",
                        "endLines": "2,3,7,11",
                        "endColumns": "74,86,12,12",
                        "endOffsets": "125,212,442,684"
                    },
                    "to": {
                        "startLines": "10,11,12,16",
                        "startColumns": "4,4,4,4",
                        "startOffsets": "755,830,917,1147",
                        "endLines": "10,11,15,19",
                        "endColumns": "74,86,12,12",
                        "endOffsets": "825,912,1142,1384"
                    }
                }
            ]
        }
    ]
}