{
    "logs": [
        {
            "outputFile": "E:\\sufe_plazaapp\\app\\build\\intermediates\\incremental\\mergeDebugResources\\merged.dir\\values-small-v4\\values-small-v4.xml",
            "map": [
                {
                    "source": "C:\\Users\\DC-big-old\\.gradle\\caches\\transforms-2\\files-2.1\\8cd05cce97d79b0b8d0cf511d329dc6e\\material-1.2.0-alpha05\\res\\values-small-v4\\values-small-v4.xml",
                    "from": {
                        "startLines": "2,3,4,5",
                        "startColumns": "4,4,4,4",
                        "startOffsets": "55,128,198,270",
                        "endColumns": "72,69,71,69",
                        "endOffsets": "123,193,265,335"
                    }
                }
            ]
        }
    ]
}