{
    "logs": [
        {
            "outputFile": "E:\\sufe_plazaapp\\app\\build\\intermediates\\incremental\\mergeDebugResources\\merged.dir\\values-pl\\values-pl.xml",
            "map": [
                {
                    "source": "C:\\Users\\DC-big-old\\.gradle\\caches\\transforms-2\\files-2.1\\c2c5fa787d66aaf40578b3071f4d283f\\appcompat-1.1.0\\res\\values-pl\\values-pl.xml",
                    "from": {
                        "startLines": "2,3,4,5,6,7,8,9,10,11,12,13,14,15,16,17,18,19,20,21,22,23,24,25,26,27,28,29",
                        "startColumns": "4,4,4,4,4,4,4,4,4,4,4,4,4,4,4,4,4,4,4,4,4,4,4,4,4,4,4,4",
                        "startOffsets": "105,220,322,430,516,623,742,821,898,989,1081,1176,1270,1372,1465,1560,1655,1746,1837,1918,2027,2127,2226,2335,2447,2558,2721,2817",
                        "endColumns": "114,101,107,85,106,118,78,76,90,91,94,93,101,92,94,94,90,90,80,108,99,98,108,111,110,162,95,81",
                        "endOffsets": "215,317,425,511,618,737,816,893,984,1076,1171,1265,1367,1460,1555,1650,1741,1832,1913,2022,2122,2221,2330,2442,2553,2716,2812,2894"
                    }
                },
                {
                    "source": "C:\\Users\\DC-big-old\\.gradle\\caches\\transforms-2\\files-2.1\\ccb20ed30836142a5a66c164bb92a0ce\\core-1.2.0\\res\\values-pl\\values-pl.xml",
                    "from": {
                        "startLines": "2",
                        "startColumns": "4",
                        "startOffsets": "55",
                        "endColumns": "100",
                        "endOffsets": "151"
                    },
                    "to": {
                        "startLines": "30",
                        "startColumns": "4",
                        "startOffsets": "2899",
                        "endColumns": "100",
                        "endOffsets": "2995"
                    }
                }
            ]
        }
    ]
}