{
    "logs": [
        {
            "outputFile": "E:\\sufe_plazaapp\\app\\build\\intermediates\\incremental\\mergeDebugResources\\merged.dir\\values-zh-rTW\\values-zh-rTW.xml",
            "map": [
                {
                    "source": "C:\\Users\\DC-big-old\\.gradle\\caches\\transforms-2\\files-2.1\\ccb20ed30836142a5a66c164bb92a0ce\\core-1.2.0\\res\\values-zh-rTW\\values-zh-rTW.xml",
                    "from": {
                        "startLines": "2",
                        "startColumns": "4",
                        "startOffsets": "55",
                        "endColumns": "100",
                        "endOffsets": "151"
                    },
                    "to": {
                        "startLines": "30",
                        "startColumns": "4",
                        "startOffsets": "2749",
                        "endColumns": "100",
                        "endOffsets": "2845"
                    }
                },
                {
                    "source": "C:\\Users\\DC-big-old\\.gradle\\caches\\transforms-2\\files-2.1\\c2c5fa787d66aaf40578b3071f4d283f\\appcompat-1.1.0\\res\\values-zh-rTW\\values-zh-rTW.xml",
                    "from": {
                        "startLines": "2,3,4,5,6,7,8,9,10,11,12,13,14,15,16,17,18,19,20,21,22,23,24,25,26,27,28,29",
                        "startColumns": "4,4,4,4,4,4,4,4,4,4,4,4,4,4,4,4,4,4,4,4,4,4,4,4,4,4,4,4",
                        "startOffsets": "105,200,293,393,475,572,680,757,833,925,1018,1115,1211,1307,1401,1497,1589,1681,1773,1850,1946,2041,2136,2233,2329,2427,2577,2671",
                        "endColumns": "94,92,99,81,96,107,76,75,91,92,96,95,95,93,95,91,91,91,76,95,94,94,96,95,97,149,93,77",
                        "endOffsets": "195,288,388,470,567,675,752,828,920,1013,1110,1206,1302,1396,1492,1584,1676,1768,1845,1941,2036,2131,2228,2324,2422,2572,2666,2744"
                    }
                }
            ]
        }
    ]
}