{
    "logs": [
        {
            "outputFile": "E:\\sufe_plazaapp\\app\\build\\intermediates\\incremental\\mergeDebugResources\\merged.dir\\values-es\\values-es.xml",
            "map": [
                {
                    "source": "C:\\Users\\DC-big-old\\.gradle\\caches\\transforms-2\\files-2.1\\ccb20ed30836142a5a66c164bb92a0ce\\core-1.2.0\\res\\values-es\\values-es.xml",
                    "from": {
                        "startLines": "2",
                        "startColumns": "4",
                        "startOffsets": "55",
                        "endColumns": "100",
                        "endOffsets": "151"
                    },
                    "to": {
                        "startLines": "30",
                        "startColumns": "4",
                        "startOffsets": "2918",
                        "endColumns": "100",
                        "endOffsets": "3014"
                    }
                },
                {
                    "source": "C:\\Users\\DC-big-old\\.gradle\\caches\\transforms-2\\files-2.1\\c2c5fa787d66aaf40578b3071f4d283f\\appcompat-1.1.0\\res\\values-es\\values-es.xml",
                    "from": {
                        "startLines": "2,3,4,5,6,7,8,9,10,11,12,13,14,15,16,17,18,19,20,21,22,23,24,25,26,27,28,29",
                        "startColumns": "4,4,4,4,4,4,4,4,4,4,4,4,4,4,4,4,4,4,4,4,4,4,4,4,4,4,4,4",
                        "startOffsets": "105,207,320,428,513,614,742,828,910,1002,1095,1192,1286,1387,1481,1577,1673,1765,1857,1938,2045,2156,2255,2363,2471,2578,2737,2836",
                        "endColumns": "101,112,107,84,100,127,85,81,91,92,96,93,100,93,95,95,91,91,80,106,110,98,107,107,106,158,98,81",
                        "endOffsets": "202,315,423,508,609,737,823,905,997,1090,1187,1281,1382,1476,1572,1668,1760,1852,1933,2040,2151,2250,2358,2466,2573,2732,2831,2913"
                    }
                }
            ]
        }
    ]
}