{
    "logs": [
        {
            "outputFile": "E:\\sufe_plazaapp\\app\\build\\intermediates\\incremental\\mergeDebugResources\\merged.dir\\values-ca\\values-ca.xml",
            "map": [
                {
                    "source": "C:\\Users\\DC-big-old\\.gradle\\caches\\transforms-2\\files-2.1\\ccb20ed30836142a5a66c164bb92a0ce\\core-1.2.0\\res\\values-ca\\values-ca.xml",
                    "from": {
                        "startLines": "2",
                        "startColumns": "4",
                        "startOffsets": "55",
                        "endColumns": "100",
                        "endOffsets": "151"
                    },
                    "to": {
                        "startLines": "30",
                        "startColumns": "4",
                        "startOffsets": "2906",
                        "endColumns": "100",
                        "endOffsets": "3002"
                    }
                },
                {
                    "source": "C:\\Users\\DC-big-old\\.gradle\\caches\\transforms-2\\files-2.1\\c2c5fa787d66aaf40578b3071f4d283f\\appcompat-1.1.0\\res\\values-ca\\values-ca.xml",
                    "from": {
                        "startLines": "2,3,4,5,6,7,8,9,10,11,12,13,14,15,16,17,18,19,20,21,22,23,24,25,26,27,28,29",
                        "startColumns": "4,4,4,4,4,4,4,4,4,4,4,4,4,4,4,4,4,4,4,4,4,4,4,4,4,4,4,4",
                        "startOffsets": "105,223,328,435,518,624,750,834,914,1005,1097,1190,1285,1384,1477,1570,1664,1755,1846,1926,2037,2145,2243,2353,2458,2566,2726,2825",
                        "endColumns": "117,104,106,82,105,125,83,79,90,91,92,94,98,92,92,93,90,90,79,110,107,97,109,104,107,159,98,80",
                        "endOffsets": "218,323,430,513,619,745,829,909,1000,1092,1185,1280,1379,1472,1565,1659,1750,1841,1921,2032,2140,2238,2348,2453,2561,2721,2820,2901"
                    }
                }
            ]
        }
    ]
}