{
    "logs": [
        {
            "outputFile": "E:\\sufe_plazaapp\\app\\build\\intermediates\\incremental\\mergeDebugResources\\merged.dir\\values-lv\\values-lv.xml",
            "map": [
                {
                    "source": "C:\\Users\\DC-big-old\\.gradle\\caches\\transforms-2\\files-2.1\\c2c5fa787d66aaf40578b3071f4d283f\\appcompat-1.1.0\\res\\values-lv\\values-lv.xml",
                    "from": {
                        "startLines": "2,3,4,5,6,7,8,9,10,11,12,13,14,15,16,17,18,19,20,21,22,23,24,25,26,27,28,29",
                        "startColumns": "4,4,4,4,4,4,4,4,4,4,4,4,4,4,4,4,4,4,4,4,4,4,4,4,4,4,4,4",
                        "startOffsets": "105,225,335,444,530,634,756,838,919,1029,1136,1242,1351,1463,1566,1678,1785,1890,1990,2074,2183,2294,2393,2504,2611,2716,2890,2989",
                        "endColumns": "119,109,108,85,103,121,81,80,109,106,105,108,111,102,111,106,104,99,83,108,110,98,110,106,104,173,98,81",
                        "endOffsets": "220,330,439,525,629,751,833,914,1024,1131,1237,1346,1458,1561,1673,1780,1885,1985,2069,2178,2289,2388,2499,2606,2711,2885,2984,3066"
                    }
                },
                {
                    "source": "C:\\Users\\DC-big-old\\.gradle\\caches\\transforms-2\\files-2.1\\ccb20ed30836142a5a66c164bb92a0ce\\core-1.2.0\\res\\values-lv\\values-lv.xml",
                    "from": {
                        "startLines": "2",
                        "startColumns": "4",
                        "startOffsets": "55",
                        "endColumns": "100",
                        "endOffsets": "151"
                    },
                    "to": {
                        "startLines": "30",
                        "startColumns": "4",
                        "startOffsets": "3071",
                        "endColumns": "100",
                        "endOffsets": "3167"
                    }
                }
            ]
        }
    ]
}