{
    "logs": [
        {
            "outputFile": "E:\\sufe_plazaapp\\app\\build\\intermediates\\incremental\\mergeDebugResources\\merged.dir\\values-th\\values-th.xml",
            "map": [
                {
                    "source": "C:\\Users\\DC-big-old\\.gradle\\caches\\transforms-2\\files-2.1\\ccb20ed30836142a5a66c164bb92a0ce\\core-1.2.0\\res\\values-th\\values-th.xml",
                    "from": {
                        "startLines": "2",
                        "startColumns": "4",
                        "startOffsets": "55",
                        "endColumns": "100",
                        "endOffsets": "151"
                    },
                    "to": {
                        "startLines": "30",
                        "startColumns": "4",
                        "startOffsets": "2815",
                        "endColumns": "100",
                        "endOffsets": "2911"
                    }
                },
                {
                    "source": "C:\\Users\\DC-big-old\\.gradle\\caches\\transforms-2\\files-2.1\\c2c5fa787d66aaf40578b3071f4d283f\\appcompat-1.1.0\\res\\values-th\\values-th.xml",
                    "from": {
                        "startLines": "2,3,4,5,6,7,8,9,10,11,12,13,14,15,16,17,18,19,20,21,22,23,24,25,26,27,28,29",
                        "startColumns": "4,4,4,4,4,4,4,4,4,4,4,4,4,4,4,4,4,4,4,4,4,4,4,4,4,4,4,4",
                        "startOffsets": "105,210,303,411,496,598,708,786,864,955,1047,1138,1232,1333,1426,1521,1615,1706,1797,1877,1980,2078,2176,2279,2385,2486,2639,2734",
                        "endColumns": "104,92,107,84,101,109,77,77,90,91,90,93,100,92,94,93,90,90,79,102,97,97,102,105,100,152,94,80",
                        "endOffsets": "205,298,406,491,593,703,781,859,950,1042,1133,1227,1328,1421,1516,1610,1701,1792,1872,1975,2073,2171,2274,2380,2481,2634,2729,2810"
                    }
                }
            ]
        }
    ]
}