{
    "logs": [
        {
            "outputFile": "E:\\sufe_plazaapp\\app\\build\\intermediates\\incremental\\mergeDebugResources\\merged.dir\\values\\values.xml",
            "map": [
                {
                    "source": "E:\\sufe_plazaapp\\app\\src\\main\\res\\values\\strings.xml",
                    "from": {
                        "startLines": "1,2,3",
                        "startColumns": "4,4,4",
                        "startOffsets": "17,64,106",
                        "endColumns": "45,40,40",
                        "endOffsets": "58,100,142"
                    },
                    "to": {
                        "startLines": "907,933,937",
                        "startColumns": "4,4,4",
                        "startOffsets": "54229,56395,56781",
                        "endColumns": "45,40,40",
                        "endOffsets": "54270,56431,56817"
                    }
                },
                {
                    "source": "C:\\Users\\DC-big-old\\.gradle\\caches\\transforms-2\\files-2.1\\c53a1cf06eec9ec8e2c1fa79d76edf7f\\cardview-1.0.0\\res\\values\\values.xml",
                    "from": {
                        "startLines": "2,3,4,5,6,35,36,37,38,45,47,50,7",
                        "startColumns": "4,4,4,4,4,4,4,4,4,4,4,4,4",
                        "startOffsets": "55,107,168,230,292,2179,2238,2295,2349,2763,2827,2953,356",
                        "endLines": "2,3,4,5,6,35,36,37,44,46,49,52,34",
                        "endColumns": "51,60,61,61,63,58,56,53,12,12,12,12,24",
                        "endOffsets": "102,163,225,287,351,2233,2290,2344,2758,2822,2948,3076,2174"
                    },
                    "to": {
                        "startLines": "17,240,241,242,243,453,454,455,1038,2883,2885,2888,5551",
                        "startColumns": "4,4,4,4,4,4,4,4,4,4,4,4,4",
                        "startOffsets": "839,12721,12782,12844,12906,26199,26258,26315,67758,187590,187654,187780,355628",
                        "endLines": "17,240,241,242,243,453,454,455,1044,2884,2887,2890,5578",
                        "endColumns": "51,60,61,61,63,58,56,53,12,12,12,12,24",
                        "endOffsets": "886,12777,12839,12901,12965,26253,26310,26364,68167,187649,187775,187903,357446"
                    }
                },
                {
                    "source": "C:\\Users\\DC-big-old\\.gradle\\caches\\transforms-2\\files-2.1\\9b843ef8b45a09e63c481ebf2cc33a53\\jetified-viewpager2-1.0.0\\res\\values\\values.xml",
                    "from": {
                        "startLines": "2",
                        "startColumns": "4",
                        "startOffsets": "55",
                        "endLines": "4",
                        "endColumns": "24",
                        "endOffsets": "160"
                    },
                    "to": {
                        "startLines": "7455",
                        "startColumns": "4",
                        "startOffsets": "465165",
                        "endLines": "7457",
                        "endColumns": "24",
                        "endOffsets": "465270"
                    }
                },
                {
                    "source": "E:\\sufe_plazaapp\\app\\src\\main\\res\\values\\colors.xml",
                    "from": {
                        "startLines": "2,49,51,62,26,27,28,29,30,25,37,39,41,43,45,33,17,19,11,7,9,35,15,4,31,13,61,63,60,23,53,55,57,59,5,47",
                        "startColumns": "4,4,4,4,4,4,4,4,4,4,4,4,4,4,4,4,4,4,4,4,4,4,4,4,4,4,4,4,4,4,4,4,4,4,4,4",
                        "startOffsets": "57,1266,1309,1613,635,677,719,761,803,588,978,1031,1079,1127,1175,886,428,475,295,195,249,933,391,99,845,341,1571,1659,1532,539,1351,1396,1442,1488,144,1223",
                        "endColumns": "38,39,38,44,40,40,40,40,40,45,49,44,44,44,44,43,43,52,42,50,42,41,33,43,37,46,40,38,37,45,41,42,42,42,47,39",
                        "endOffsets": "91,1301,1343,1653,671,713,755,797,839,629,1023,1071,1119,1167,1215,925,467,523,333,241,287,970,420,138,878,383,1607,1693,1565,580,1388,1434,1480,1526,187,1258"
                    },
                    "to": {
                        "startLines": "229,230,231,244,245,246,247,248,249,250,251,252,253,254,255,256,257,258,259,260,261,262,302,303,306,309,334,335,344,351,358,359,360,361,362,363",
                        "startColumns": "4,4,4,4,4,4,4,4,4,4,4,4,4,4,4,4,4,4,4,4,4,4,4,4,4,4,4,4,4,4,4,4,4,4,4,4",
                        "startOffsets": "11962,12001,12041,12970,13015,13056,13097,13138,13179,13220,13266,13316,13361,13406,13451,13496,13540,13584,13637,13680,13731,13774,16519,16553,16718,16901,18452,18493,19120,19569,20022,20064,20107,20150,20193,20241",
                        "endColumns": "38,39,38,44,40,40,40,40,40,45,49,44,44,44,44,43,43,52,42,50,42,41,33,43,37,46,40,38,37,45,41,42,42,42,47,39",
                        "endOffsets": "11996,12036,12075,13010,13051,13092,13133,13174,13215,13261,13311,13356,13401,13446,13491,13535,13579,13632,13675,13726,13769,13811,16548,16592,16751,16943,18488,18527,19153,19610,20059,20102,20145,20188,20236,20276"
                    }
                },
                {
                    "source": "C:\\Users\\DC-big-old\\.gradle\\caches\\transforms-2\\files-2.1\\cfb35286f1f1bc3e2a27eb826e35e1e0\\transition-1.2.0\\res\\values\\values.xml",
                    "from": {
                        "startLines": "2,3,4,5,6,7,8,9,10,11",
                        "startColumns": "4,4,4,4,4,4,4,4,4,4",
                        "startOffsets": "55,95,142,185,240,287,341,393,442,503",
                        "endColumns": "39,46,42,54,46,53,51,48,60,49",
                        "endOffsets": "90,137,180,235,282,336,388,437,498,548"
                    },
                    "to": {
                        "startLines": "799,800,808,812,813,834,835,836,837,838",
                        "startColumns": "4,4,4,4,4,4,4,4,4,4",
                        "startOffsets": "47985,48025,48418,48600,48655,49692,49746,49798,49847,49908",
                        "endColumns": "39,46,42,54,46,53,51,48,60,49",
                        "endOffsets": "48020,48067,48456,48650,48697,49741,49793,49842,49903,49953"
                    }
                },
                {
                    "source": "C:\\Users\\DC-big-old\\.gradle\\caches\\transforms-2\\files-2.1\\16ca6d5196f975fc5ead84cce585e899\\jetified-bmob-sdk-3.7.8\\res\\values\\values.xml",
                    "from": {
                        "startLines": "2,3,4,5,6,7,8,9,10,11,12,13,14,15,16,17,18,19,20,21,22,23,24,25,26,27,28,29",
                        "startColumns": "4,4,4,4,4,4,4,4,4,4,4,4,4,4,4,4,4,4,4,4,4,4,4,4,4,4,4,4",
                        "startOffsets": "55,100,148,210,267,309,357,399,447,504,557,606,651,699,747,804,863,928,984,1045,1112,1188,1259,1330,1394,1465,1543,1618",
                        "endColumns": "44,47,61,56,41,47,41,47,56,52,48,44,47,47,56,58,64,55,60,66,75,70,70,63,70,77,74,72",
                        "endOffsets": "95,143,205,262,304,352,394,442,499,552,601,646,694,742,799,858,923,979,1040,1107,1183,1254,1325,1389,1460,1538,1613,1686"
                    },
                    "to": {
                        "startLines": "866,867,868,869,870,871,872,873,874,875,876,877,878,879,909,910,911,912,913,914,915,916,917,918,919,920,921,922",
                        "startColumns": "4,4,4,4,4,4,4,4,4,4,4,4,4,4,4,4,4,4,4,4,4,4,4,4,4,4,4,4",
                        "startOffsets": "51671,51716,51764,51826,51883,51925,51973,52015,52063,52120,52173,52222,52267,52315,54425,54482,54541,54606,54662,54723,54790,54866,54937,55008,55072,55143,55221,55296",
                        "endColumns": "44,47,61,56,41,47,41,47,56,52,48,44,47,47,56,58,64,55,60,66,75,70,70,63,70,77,74,72",
                        "endOffsets": "51711,51759,51821,51878,51920,51968,52010,52058,52115,52168,52217,52262,52310,52358,54477,54536,54601,54657,54718,54785,54861,54932,55003,55067,55138,55216,55291,55364"
                    }
                },
                {
                    "source": "C:\\Users\\DC-big-old\\.gradle\\caches\\transforms-2\\files-2.1\\28120aa98d624ce8fee0a8087788fd91\\constraintlayout-1.1.3\\res\\values\\values.xml",
                    "from": {
                        "startLines": "2,3,11,12,13,14,15,19,20,21,22,25,26,29,32,33,34,35,36,39,42,43,44,45,50,53,56,57,58,63,64,65,68,71,72,75,78,81,84,85,88,91,92,97,98,103,106,109,110,111,112,113,114,115,116,117,118,127,128,129,130",
                        "startColumns": "4,4,4,4,4,4,4,4,4,4,4,4,4,4,4,4,4,4,4,4,4,4,4,4,4,4,4,4,4,4,4,4,4,4,4,4,4,4,4,4,4,4,4,4,4,4,4,4,4,4,4,4,4,4,4,4,4,4,4,4,4",
                        "startOffsets": "55,116,407,455,507,568,614,741,802,862,932,1065,1133,1262,1388,1450,1515,1583,1650,1773,1898,1965,2030,2095,2276,2397,2518,2584,2651,2861,2930,2996,3121,3247,3314,3440,3567,3692,3819,3884,4010,4133,4198,4406,4473,4653,4773,4893,4958,5020,5082,5144,5203,5263,5324,5385,5444,5819,8395,8527,11791",
                        "endLines": "2,10,11,12,13,14,18,19,20,21,24,25,28,31,32,33,34,35,38,41,42,43,44,49,52,55,56,57,62,63,64,67,70,71,74,77,80,83,84,87,90,91,96,97,102,105,108,109,110,111,112,113,114,115,116,117,126,127,128,129,130",
                        "endColumns": "60,11,47,51,60,45,11,60,59,69,11,67,11,11,61,64,67,66,11,11,66,64,64,11,11,11,65,66,11,68,65,11,11,66,11,11,11,11,64,11,11,64,11,66,11,11,11,64,61,61,61,58,59,60,60,58,11,2575,131,3263,107",
                        "endOffsets": "111,402,450,502,563,609,736,797,857,927,1060,1128,1257,1383,1445,1510,1578,1645,1768,1893,1960,2025,2090,2271,2392,2513,2579,2646,2856,2925,2991,3116,3242,3309,3435,3562,3687,3814,3879,4005,4128,4193,4401,4468,4648,4768,4888,4953,5015,5077,5139,5198,5258,5319,5380,5439,5814,8390,8522,11786,11894"
                    },
                    "to": {
                        "startLines": "4,5,18,34,35,36,41,55,56,57,58,61,62,65,68,69,70,71,72,75,78,79,80,81,86,89,92,93,94,99,100,101,104,107,108,111,114,117,120,121,124,127,128,133,134,139,142,145,146,147,148,149,150,151,152,153,154,5858,5859,5860,6184",
                        "startColumns": "4,4,4,4,4,4,4,4,4,4,4,4,4,4,4,4,4,4,4,4,4,4,4,4,4,4,4,4,4,4,4,4,4,4,4,4,4,4,4,4,4,4,4,4,4,4,4,4,4,4,4,4,4,4,4,4,4,4,4,4,4",
                        "startOffsets": "255,316,891,1697,1749,1810,2088,2782,2843,2903,2973,3106,3174,3303,3429,3491,3556,3624,3691,3814,3939,4006,4071,4136,4317,4438,4559,4625,4692,4902,4971,5037,5162,5288,5355,5481,5608,5733,5860,5925,6051,6174,6239,6447,6514,6694,6814,6934,6999,7061,7123,7185,7244,7304,7365,7426,7485,372210,374786,374918,396692",
                        "endLines": "4,12,18,34,35,36,44,55,56,57,60,61,64,67,68,69,70,71,74,77,78,79,80,85,88,91,92,93,98,99,100,103,106,107,110,113,116,119,120,123,126,127,132,133,138,141,144,145,146,147,148,149,150,151,152,153,162,5858,5859,5860,6184",
                        "endColumns": "60,11,47,51,60,45,11,60,59,69,11,67,11,11,61,64,67,66,11,11,66,64,64,11,11,11,65,66,11,68,65,11,11,66,11,11,11,11,64,11,11,64,11,66,11,11,11,64,61,61,61,58,59,60,60,58,11,2575,131,3263,107",
                        "endOffsets": "311,602,934,1744,1805,1851,2210,2838,2898,2968,3101,3169,3298,3424,3486,3551,3619,3686,3809,3934,4001,4066,4131,4312,4433,4554,4620,4687,4897,4966,5032,5157,5283,5350,5476,5603,5728,5855,5920,6046,6169,6234,6442,6509,6689,6809,6929,6994,7056,7118,7180,7239,7299,7360,7421,7480,7855,374781,374913,378177,396795"
                    }
                },
                {
                    "source": "C:\\Users\\DC-big-old\\.gradle\\caches\\transforms-2\\files-2.1\\ccb20ed30836142a5a66c164bb92a0ce\\core-1.2.0\\res\\values\\values.xml",
                    "from": {
                        "startLines": "2,3,6,7,8,9,10,11,12,13,14,15,16,17,18,19,20,21,22,23,24,25,26,27,28,29,30,31,32,33,34,35,36,37,38,39,40,41,42,43,44,45,46,47,48,49,50,51,52,53,54,55,56,57,58,59,60,61,62,63,64,65,66,67,68,69,70,71,72,73,74,75,76,77,78,79,83,84,88,89,90,91,98,141,173,210",
                        "startColumns": "4,4,4,4,4,4,4,4,4,4,4,4,4,4,4,4,4,4,4,4,4,4,4,4,4,4,4,4,4,4,4,4,4,4,4,4,4,4,4,4,4,4,4,4,4,4,4,4,4,4,4,4,4,4,4,4,4,4,4,4,4,4,4,4,4,4,4,4,4,4,4,4,4,4,4,4,4,4,4,4,4,4,4,4,4,4",
                        "startOffsets": "55,124,319,389,457,529,599,660,734,807,868,929,991,1055,1117,1178,1246,1346,1406,1472,1545,1614,1671,1723,1785,1857,1933,1998,2057,2116,2176,2236,2296,2356,2416,2476,2536,2596,2656,2716,2775,2835,2895,2955,3015,3075,3135,3195,3255,3315,3375,3434,3494,3554,3613,3672,3731,3790,3849,3908,3943,3978,4033,4096,4151,4209,4266,4316,4377,4434,4468,4503,4538,4608,4679,4796,4997,5107,5308,5437,5509,5576,5874,8780,10845,12605",
                        "endLines": "2,3,6,7,8,9,10,11,12,13,14,15,16,17,18,19,20,21,22,23,24,25,26,27,28,29,30,31,32,33,34,35,36,37,38,39,40,41,42,43,44,45,46,47,48,49,50,51,52,53,54,55,56,57,58,59,60,61,62,63,64,65,66,67,68,69,70,71,72,73,74,75,76,77,78,82,83,87,88,89,90,97,140,172,209,216",
                        "endColumns": "68,62,69,67,71,69,60,73,72,60,60,61,63,61,60,67,99,59,65,72,68,56,51,61,71,75,64,58,58,59,59,59,59,59,59,59,59,59,59,58,59,59,59,59,59,59,59,59,59,59,58,59,59,58,58,58,58,58,58,34,34,54,62,54,57,56,49,60,56,33,34,34,69,70,116,12,109,12,128,71,66,24,24,24,24,24",
                        "endOffsets": "119,182,384,452,524,594,655,729,802,863,924,986,1050,1112,1173,1241,1341,1401,1467,1540,1609,1666,1718,1780,1852,1928,1993,2052,2111,2171,2231,2291,2351,2411,2471,2531,2591,2651,2711,2770,2830,2890,2950,3010,3070,3130,3190,3250,3310,3370,3429,3489,3549,3608,3667,3726,3785,3844,3903,3938,3973,4028,4091,4146,4204,4261,4311,4372,4429,4463,4498,4533,4603,4674,4791,4992,5102,5303,5432,5504,5571,5869,8775,10840,12600,12977"
                    },
                    "to": {
                        "startLines": "332,333,456,457,458,459,460,461,462,715,716,717,718,719,720,721,722,723,724,725,726,727,728,729,760,761,762,763,764,765,766,767,768,769,770,771,772,773,774,775,776,777,778,779,780,781,782,783,784,785,786,787,788,789,790,791,792,793,794,803,804,817,818,819,820,821,822,823,824,825,826,833,861,979,3331,3332,3336,3337,3341,3873,3874,5823,6052,6095,6133,6170",
                        "startColumns": "4,4,4,4,4,4,4,4,4,4,4,4,4,4,4,4,4,4,4,4,4,4,4,4,4,4,4,4,4,4,4,4,4,4,4,4,4,4,4,4,4,4,4,4,4,4,4,4,4,4,4,4,4,4,4,4,4,4,4,4,4,4,4,4,4,4,4,4,4,4,4,4,4,4,4,4,4,4,4,4,4,4,4,4,4,4",
                        "startOffsets": "18320,18389,26369,26439,26507,26579,26649,26710,26784,43050,43111,43172,43234,43298,43360,43421,43489,43589,43649,43715,43788,43857,43914,43966,45657,45729,45805,45870,45929,45988,46048,46108,46168,46228,46288,46348,46408,46468,46528,46588,46647,46707,46767,46827,46887,46947,47007,47067,47127,47187,47247,47306,47366,47426,47485,47544,47603,47662,47721,48172,48207,48836,48891,48954,49009,49067,49124,49174,49235,49292,49326,49657,51281,64026,219653,219770,219971,220081,220282,258370,258442,370402,388810,391716,394098,395858",
                        "endLines": "332,333,456,457,458,459,460,461,462,715,716,717,718,719,720,721,722,723,724,725,726,727,728,729,760,761,762,763,764,765,766,767,768,769,770,771,772,773,774,775,776,777,778,779,780,781,782,783,784,785,786,787,788,789,790,791,792,793,794,803,804,817,818,819,820,821,822,823,824,825,826,833,861,979,3331,3335,3336,3340,3341,3873,3874,5829,6094,6126,6169,6176",
                        "endColumns": "68,62,69,67,71,69,60,73,72,60,60,61,63,61,60,67,99,59,65,72,68,56,51,61,71,75,64,58,58,59,59,59,59,59,59,59,59,59,59,58,59,59,59,59,59,59,59,59,59,59,58,59,59,58,58,58,58,58,58,34,34,54,62,54,57,56,49,60,56,33,34,34,69,70,116,12,109,12,128,71,66,24,24,24,24,24",
                        "endOffsets": "18384,18447,26434,26502,26574,26644,26705,26779,26852,43106,43167,43229,43293,43355,43416,43484,43584,43644,43710,43783,43852,43909,43961,44023,45724,45800,45865,45924,45983,46043,46103,46163,46223,46283,46343,46403,46463,46523,46583,46642,46702,46762,46822,46882,46942,47002,47062,47122,47182,47242,47301,47361,47421,47480,47539,47598,47657,47716,47775,48202,48237,48886,48949,49004,49062,49119,49169,49230,49287,49321,49356,49687,51346,64092,219765,219966,220076,220277,220406,258437,258504,370695,391711,393776,395853,396230"
                    }
                },
                {
                    "source": "C:\\Users\\DC-big-old\\.gradle\\caches\\transforms-2\\files-2.1\\8cd05cce97d79b0b8d0cf511d329dc6e\\material-1.2.0-alpha05\\res\\values\\values.xml",
                    "from": {
                        "startLines": "2,3,4,5,6,7,8,9,10,11,12,13,14,15,16,17,18,19,20,21,22,23,24,25,26,27,28,29,30,31,32,33,34,35,36,37,38,39,40,41,42,43,44,45,46,47,48,49,50,51,52,53,54,55,56,57,58,59,60,61,62,63,64,65,66,67,68,69,70,71,72,73,74,75,76,77,78,79,80,81,82,83,84,85,86,87,88,89,90,91,92,93,94,95,96,97,98,99,100,101,102,103,104,105,106,107,108,109,110,111,112,113,114,115,116,117,118,119,120,121,122,123,124,125,126,127,128,129,130,131,132,133,134,135,136,137,138,139,140,141,142,143,144,145,146,147,148,149,150,151,152,153,154,155,156,157,158,159,160,161,162,163,164,165,166,167,168,169,170,171,172,173,174,175,176,177,178,179,180,181,182,183,184,185,186,187,188,189,190,191,192,193,194,195,196,197,198,199,200,201,202,203,204,205,206,207,208,209,210,211,212,213,214,215,216,217,218,219,220,221,222,223,224,225,226,227,228,229,230,231,232,233,234,235,236,237,238,239,240,241,242,243,244,245,246,247,248,249,250,251,252,253,254,255,256,257,258,259,260,261,262,263,264,265,266,267,268,269,270,271,272,273,274,275,276,277,278,279,280,281,282,283,284,285,286,287,288,289,290,291,292,293,294,295,296,297,298,299,300,301,302,303,304,305,306,307,308,309,310,311,312,313,314,315,316,317,318,319,320,321,322,323,324,325,326,327,328,329,330,331,332,333,334,335,336,337,338,339,340,341,342,343,344,345,346,347,348,349,350,351,352,353,354,355,356,357,358,359,360,361,362,363,364,365,366,367,368,369,370,371,372,373,374,378,379,380,381,382,383,384,385,386,387,388,389,390,391,392,393,394,395,396,397,398,399,400,401,402,403,404,405,406,407,408,409,410,411,412,413,414,415,416,417,418,419,420,421,422,423,424,425,426,427,428,429,430,431,434,438,442,449,456,464,474,483,492,501,502,503,508,509,513,514,520,524,525,526,527,537,538,539,543,544,550,554,555,556,557,558,604,676,714,786,831,903,951,989,1061,1065,1069,1081,1096,1108,1109,1156,1160,1161,1162,1165,1178,1191,1231,1232,1233,1245,1249,1254,1259,1264,1267,1270,1273,1277,1281,1282,1283,1284,1285,1288,1291,1294,1297,1301,1305,1306,1309,1312,1315,1318,1322,1325,1328,1331,1334,1337,1340,1344,1347,1350,1354,1357,1367,1375,1383,1386,1389,1392,1395,1398,1401,1404,1405,1408,1411,1412,1415,1416,1417,1421,1422,1427,1428,1436,1444,1445,1453,1457,1465,1473,1481,1489,1497,1498,1506,1514,1515,1518,1520,1525,1527,1532,1536,1540,1541,1546,1547,1548,1549,1550,1551,1552,1553,1554,1555,1556,1557,1558,1559,1560,1561,1562,1563,1564,1565,1566,1570,1571,1572,1578,1579,1583,1585,1586,1589,1594,1595,1596,1597,1598,1599,1603,1604,1605,1611,1612,1616,1618,1621,1625,1629,1633,1637,1638,1639,1640,1648,1656,1659,1664,1669,1674,1679,1683,1687,1696,1704,1705,1706,1707,1708,1716,1725,1730,1735,1736,1737,1738,1756,1760,1765,1768,1772,1775,1779,1783,1787,1790,1798,1807,1820,1824,1839,1847,1850,1861,1866,1870,1905,1909,1910,1917,1921,1922,1923,1926,1930,1934,1935,1939,1944,1959,1963,1964,1976,1986,1987,1997,2002,2024,2027,2033,2036,2045,2053,2057,2060,2063,2066,2070,2073,2088,2092,2095,2110,2113,2121,2126,2132,2138,2144,2174,2185,2202,2209,2212,2224,2233,2237,2242,2246,2250,2254,2258,2262,2265,2274,2279,2288,2292,2299,2308,2314,2318,2340,2341,2342,2343,2344,2347,2348,2357,2361,2373,2385,2392,2393,2397,2401,2402,2406,2420,2426,2432,2438,2444,2449,2455,2461,2462,2471,2479,2480,2487,2495,2520,2532,2571,2591,2625,2674,2728,2837,2863,2957,2972,2984,2990,3036,3040,3046,3052,3059,3065,3072,3128,3140,3151,3163,3191,3200,3207,3213,3221,3226,3274,3277,3281,3319,3323,3366,3374,3397,3404,3412,3497,3502,3742,3758",
                        "startColumns": "4,4,4,4,4,4,4,4,4,4,4,4,4,4,4,4,4,4,4,4,4,4,4,4,4,4,4,4,4,4,4,4,4,4,4,4,4,4,4,4,4,4,4,4,4,4,4,4,4,4,4,4,4,4,4,4,4,4,4,4,4,4,4,4,4,4,4,4,4,4,4,4,4,4,4,4,4,4,4,4,4,4,4,4,4,4,4,4,4,4,4,4,4,4,4,4,4,4,4,4,4,4,4,4,4,4,4,4,4,4,4,4,4,4,4,4,4,4,4,4,4,4,4,4,4,4,4,4,4,4,4,4,4,4,4,4,4,4,4,4,4,4,4,4,4,4,4,4,4,4,4,4,4,4,4,4,4,4,4,4,4,4,4,4,4,4,4,4,4,4,4,4,4,4,4,4,4,4,4,4,4,4,4,4,4,4,4,4,4,4,4,4,4,4,4,4,4,4,4,4,4,4,4,4,4,4,4,4,4,4,4,4,4,4,4,4,4,4,4,4,4,4,4,4,4,4,4,4,4,4,4,4,4,4,4,4,4,4,4,4,4,4,4,4,4,4,4,4,4,4,4,4,4,4,4,4,4,4,4,4,4,4,4,4,4,4,4,4,4,4,4,4,4,4,4,4,4,4,4,4,4,4,4,4,4,4,4,4,4,4,4,4,4,4,4,4,4,4,4,4,4,4,4,4,4,4,4,4,4,4,4,4,4,4,4,4,4,4,4,4,4,4,4,4,4,4,4,4,4,4,4,4,4,4,4,4,4,4,4,4,4,4,4,4,4,4,4,4,4,4,4,4,4,4,4,4,4,4,4,4,4,4,4,4,4,4,4,4,4,4,4,4,4,4,4,4,4,4,4,4,4,4,4,4,4,4,4,4,4,4,4,4,4,4,4,4,4,4,4,4,4,4,4,4,4,4,4,4,4,4,4,4,4,4,4,4,4,4,4,4,4,4,4,4,4,4,4,4,4,4,4,4,4,4,4,4,4,4,4,4,4,4,4,4,4,4,4,4,4,4,4,4,4,4,4,4,4,4,4,4,4,4,4,4,4,4,4,4,4,4,4,4,4,4,4,4,4,4,4,4,4,4,4,4,4,4,4,4,4,4,4,4,4,4,4,4,4,4,4,4,4,4,4,4,4,4,4,4,4,4,4,4,4,4,4,4,4,4,4,4,4,4,4,4,4,4,4,4,4,4,4,4,4,4,4,4,4,4,4,4,4,4,4,4,4,4,4,4,4,4,4,4,4,4,4,4,4,4,4,4,4,4,4,4,4,4,4,4,4,4,4,4,4,4,4,4,4,4,4,4,4,4,4,4,4,4,4,4,4,4,4,4,4,4,4,4,4,4,4,4,4,4,4,4,4,4,4,4,4,4,4,4,4,4,4,4,4,4,4,4,4,4,4,4,4,4,4,4,4,4,4,4,4,4,4,4,4,4,4,4,4,4,4,4,4,4,4,4,4,4,4,4,4,4,4,4,4,4,4,4,4,4,4,4,4,4,4,4,4,4,4,4,4,4,4,4,4,4,4,4,4,4,4,4,4,4,4,4,4,4,4,4,4,4,4,4,4,4,4,4,4,4,4,4,4,4,4,4,4,4,4,4,4,4,4,4,4,4,4,4,4,4,4,4,4,4,4,4,4,4,4,4,4,4,4,4,4,4,4,4,4,4,4,4,4,4,4,4,4,4,4,4,4,4,4,4,4,4,4,4,4,4,4,4,4,4,4,4,4,4,4,4,4,4,4,4,4,4,4,4,4,4,4,4,4,4,4,4,4,4,4,4,4,4,4,4,4,4",
                        "startOffsets": "150,206,255,311,371,432,487,537,590,648,696,733,780,829,885,936,985,1039,1093,1142,1198,1245,1301,1361,1422,1494,1558,1611,1663,1721,1786,1834,1900,1958,2027,2085,2155,2229,2297,2364,2434,2500,2573,2633,2693,2753,2812,2869,2927,2985,3031,3091,3145,3213,3282,3350,3403,3455,3505,3551,3601,3648,3706,3764,3823,3883,3945,4007,4069,4131,4193,4255,4323,4384,4446,4508,4561,4615,4666,4711,4775,4834,4896,4970,5041,5107,5181,5250,5321,5394,5465,5533,5606,5682,5752,5830,5898,5964,6025,6094,6158,6224,6292,6358,6421,6489,6560,6625,6698,6761,6842,6906,6972,7042,7112,7182,7252,7319,7384,7450,7503,7579,7645,7732,7808,7884,7931,7996,8046,8100,8179,8257,8330,8395,8458,8524,8595,8666,8728,8797,8863,8923,8990,9057,9113,9164,9217,9269,9323,9394,9457,9516,9578,9637,9710,9777,9837,9900,9975,10047,10143,10214,10270,10341,10398,10455,10521,10585,10656,10713,10766,10829,10881,10939,11006,11090,11175,11256,11324,11401,11474,11544,11616,11686,11759,11823,11893,11941,12010,12062,12120,12186,12253,12319,12400,12475,12531,12584,12645,12703,12753,12802,12851,12900,12962,13014,13059,13140,13194,13247,13301,13352,13401,13452,13513,13574,13636,13686,13727,13786,13845,13904,13965,14021,14077,14144,14205,14270,14325,14390,14459,14527,14605,14674,14734,14805,14879,14944,15016,15086,15153,15237,15306,15373,15443,15506,15573,15641,15724,15803,15893,15970,16038,16105,16183,16240,16297,16365,16431,16487,16547,16606,16660,16710,16760,16808,16870,16921,16987,17060,17140,17220,17284,17347,17414,17485,17543,17604,17670,17729,17796,17856,17916,17979,18047,18108,18175,18253,18323,18372,18429,18498,18559,18647,18735,18823,18911,18967,19054,19141,19228,19315,19373,19429,19500,19565,19627,19702,19775,19844,19914,19983,20038,20094,20150,20211,20269,20325,20380,20442,20495,20552,20646,20715,20816,20867,20925,20995,21064,21134,21204,21274,21341,21408,21483,21550,21609,21663,21717,21771,21824,21876,21950,22015,22071,22129,22191,22234,22279,22322,22369,22414,22465,22516,22567,22618,22666,22732,22794,22857,22929,22986,23049,23106,23166,23231,23298,23363,23420,23481,23539,23609,23666,23986,24136,24267,24365,24480,24567,24615,24694,24759,24848,25005,25162,25315,25469,25647,25829,26011,26193,26383,26573,26772,26945,27055,27240,27377,27597,27781,27941,28099,28283,28486,28657,28877,29099,29254,29461,29645,29748,29889,30054,30225,30425,30629,30831,31036,31237,31436,31640,31818,31896,32197,32363,32518,32620,32754,33031,33316,33706,34162,34671,35213,35678,36140,36611,36704,36811,37154,37261,37506,37627,38036,38284,38384,38489,38608,39142,39289,39408,39659,39792,40207,40461,40573,40694,40827,40974,44018,49017,51514,56527,59478,64440,67460,69873,74849,75101,75366,76426,77273,78092,78183,80314,80524,80633,80752,80936,81866,82612,85109,85204,85235,86105,86391,86794,87196,87539,87751,87952,88165,88454,88739,88812,88899,88984,89083,89203,89364,89527,89688,89853,90020,90073,90206,90326,90424,90537,90730,90856,91008,91150,91320,91476,91648,91939,92051,92180,92409,92627,93482,94069,94683,94851,94993,95154,95297,95465,95622,95817,95909,96082,96244,96339,96508,96602,96691,96934,97023,97316,97430,97839,98253,98369,98787,99028,99458,99893,100303,100725,101135,101257,101666,102082,102204,102388,102456,102800,102880,103236,103386,103530,103614,103991,104089,104197,104291,104421,104529,104651,104787,104895,105015,105149,105271,105399,105541,105667,105807,105933,106051,106183,106281,106391,106691,106803,106921,107385,107501,107804,107930,108026,108156,108545,108655,108779,108917,109027,109149,109461,109585,109715,110191,110319,110634,110772,110918,111080,111296,111452,111656,111724,111808,111912,112474,113105,113263,113482,113713,113936,114171,114393,114659,115251,115850,115964,116108,116220,116344,116915,117513,118008,118554,118699,118792,118884,120245,120633,120931,121120,121326,121519,121729,121946,122207,122338,122770,123294,123938,124135,125083,125640,125763,126536,126757,126957,128934,129169,129293,129801,130015,130118,130248,130423,130670,130861,131001,131195,131465,132346,132634,132764,133529,134174,134320,134881,135119,136542,136692,137109,137274,137960,138430,138626,138788,138943,139087,139321,139488,140262,140548,140708,141323,141482,141810,142037,142402,142773,143134,144888,145517,146593,147113,147265,148255,148992,149195,149441,149688,149930,150251,150556,150779,150951,151492,151761,152255,152516,152956,153701,154066,154371,156071,156177,156307,156445,156569,156722,156822,157458,157759,158620,159375,159814,159938,160179,160367,160501,160692,161471,161740,162031,162310,162627,162849,163144,163427,163531,164178,164743,164863,165360,165894,167518,168229,170277,171119,173043,175964,179476,184611,185889,191719,192427,193114,193498,195668,195899,196203,196520,196977,197284,197714,200467,201085,201614,202109,203424,203915,204346,204719,205061,205269,208490,208627,208862,210716,210851,212991,213432,214662,215083,215399,220041,220306,233835,234904",
                        "endLines": "2,3,4,5,6,7,8,9,10,11,12,13,14,15,16,17,18,19,20,21,22,23,24,25,26,27,28,29,30,31,32,33,34,35,36,37,38,39,40,41,42,43,44,45,46,47,48,49,50,51,52,53,54,55,56,57,58,59,60,61,62,63,64,65,66,67,68,69,70,71,72,73,74,75,76,77,78,79,80,81,82,83,84,85,86,87,88,89,90,91,92,93,94,95,96,97,98,99,100,101,102,103,104,105,106,107,108,109,110,111,112,113,114,115,116,117,118,119,120,121,122,123,124,125,126,127,128,129,130,131,132,133,134,135,136,137,138,139,140,141,142,143,144,145,146,147,148,149,150,151,152,153,154,155,156,157,158,159,160,161,162,163,164,165,166,167,168,169,170,171,172,173,174,175,176,177,178,179,180,181,182,183,184,185,186,187,188,189,190,191,192,193,194,195,196,197,198,199,200,201,202,203,204,205,206,207,208,209,210,211,212,213,214,215,216,217,218,219,220,221,222,223,224,225,226,227,228,229,230,231,232,233,234,235,236,237,238,239,240,241,242,243,244,245,246,247,248,249,250,251,252,253,254,255,256,257,258,259,260,261,262,263,264,265,266,267,268,269,270,271,272,273,274,275,276,277,278,279,280,281,282,283,284,285,286,287,288,289,290,291,292,293,294,295,296,297,298,299,300,301,302,303,304,305,306,307,308,309,310,311,312,313,314,315,316,317,318,319,320,321,322,323,324,325,326,327,328,329,330,331,332,333,334,335,336,337,338,339,340,341,342,343,344,345,346,347,348,349,350,351,352,353,354,355,356,357,358,359,360,361,362,363,364,365,366,367,368,369,370,371,372,373,377,378,379,380,381,382,383,384,385,386,387,388,389,390,391,392,393,394,395,396,397,398,399,400,401,402,403,404,405,406,407,408,409,410,411,412,413,414,415,416,417,418,419,420,421,422,423,424,425,426,427,428,429,430,433,437,441,448,455,463,473,482,491,500,501,502,507,508,512,513,519,523,524,525,526,536,537,538,542,543,549,553,554,555,556,557,603,675,713,785,830,902,950,988,1060,1064,1068,1080,1095,1107,1108,1155,1159,1160,1161,1164,1177,1190,1230,1231,1232,1244,1248,1253,1258,1263,1266,1269,1272,1276,1280,1281,1282,1283,1284,1287,1290,1293,1296,1300,1304,1305,1308,1311,1314,1317,1321,1324,1327,1330,1333,1336,1339,1343,1346,1349,1353,1356,1366,1374,1382,1385,1388,1391,1394,1397,1400,1403,1404,1407,1410,1411,1414,1415,1416,1420,1421,1426,1427,1435,1443,1444,1452,1456,1464,1472,1480,1488,1496,1497,1505,1513,1514,1517,1519,1524,1526,1531,1535,1539,1540,1545,1546,1547,1548,1549,1550,1551,1552,1553,1554,1555,1556,1557,1558,1559,1560,1561,1562,1563,1564,1565,1569,1570,1571,1577,1578,1582,1584,1585,1588,1593,1594,1595,1596,1597,1598,1602,1603,1604,1610,1611,1615,1617,1620,1624,1628,1632,1636,1637,1638,1639,1647,1655,1658,1663,1668,1673,1678,1682,1686,1695,1703,1704,1705,1706,1707,1715,1724,1729,1734,1735,1736,1737,1755,1759,1764,1767,1771,1774,1778,1782,1786,1789,1797,1806,1819,1823,1838,1846,1849,1860,1865,1869,1904,1908,1909,1916,1920,1921,1922,1925,1929,1933,1934,1938,1943,1958,1962,1963,1975,1985,1986,1996,2001,2023,2026,2032,2035,2044,2052,2056,2059,2062,2065,2069,2072,2087,2091,2094,2109,2112,2120,2125,2131,2137,2143,2173,2184,2201,2208,2211,2223,2232,2236,2241,2245,2249,2253,2257,2261,2264,2273,2278,2287,2291,2298,2307,2313,2317,2339,2340,2341,2342,2343,2346,2347,2356,2360,2372,2384,2391,2392,2396,2400,2401,2405,2419,2425,2431,2437,2443,2448,2454,2460,2461,2470,2478,2479,2486,2494,2519,2531,2570,2590,2624,2673,2727,2836,2862,2956,2971,2983,2989,3035,3039,3045,3051,3058,3064,3071,3127,3139,3150,3162,3190,3199,3206,3212,3220,3225,3273,3276,3280,3318,3322,3365,3373,3396,3403,3411,3496,3501,3741,3757,3766",
                        "endColumns": "55,48,55,59,60,54,49,52,57,47,36,46,48,55,50,48,53,53,48,55,46,55,59,60,71,63,52,51,57,64,47,65,57,68,57,69,73,67,66,69,65,72,59,59,59,58,56,57,57,45,59,53,67,68,67,52,51,49,45,49,46,57,57,58,59,61,61,61,61,61,61,67,60,61,61,52,53,50,44,63,58,61,73,70,65,73,68,70,72,70,67,72,75,69,77,67,65,60,68,63,65,67,65,62,67,70,64,72,62,80,63,65,69,69,69,69,66,64,65,52,75,65,86,75,75,46,64,49,53,78,77,72,64,62,65,70,70,61,68,65,59,66,66,55,50,52,51,53,70,62,58,61,58,72,66,59,62,74,71,95,70,55,70,56,56,65,63,70,56,52,62,51,57,66,83,84,80,67,76,72,69,71,69,72,63,69,47,68,51,57,65,66,65,80,74,55,52,60,57,49,48,48,48,61,51,44,80,53,52,53,50,48,50,60,60,61,49,40,58,58,58,60,55,55,66,60,64,54,64,68,67,77,68,59,70,73,64,71,69,66,83,68,66,69,62,66,67,82,78,89,76,67,66,77,56,56,67,65,55,59,58,53,49,49,47,61,50,65,72,79,79,63,62,66,70,57,60,65,58,66,59,59,62,67,60,66,77,69,48,56,68,60,87,87,87,87,55,86,86,86,86,57,55,70,64,61,74,72,68,69,68,54,55,55,60,57,55,54,61,52,56,93,68,100,50,57,69,68,69,69,69,66,66,74,66,58,53,53,53,52,51,73,64,55,57,61,42,44,42,46,44,50,50,50,50,47,65,61,62,71,56,62,56,59,64,66,64,56,60,57,69,56,12,149,130,97,114,86,47,78,64,88,156,156,152,153,177,181,181,181,189,189,198,172,109,184,136,219,183,159,157,183,202,170,219,221,154,206,183,102,140,164,170,199,203,201,204,200,198,203,177,77,300,165,154,101,10,10,10,10,10,10,10,10,10,10,92,106,10,106,10,120,10,10,99,104,118,10,146,118,10,132,10,10,111,120,132,146,10,10,10,10,10,10,10,10,10,10,10,10,10,10,90,10,10,108,118,10,10,10,10,94,30,10,10,10,10,10,10,10,10,10,10,72,86,84,98,10,10,10,10,10,10,52,10,10,10,10,10,10,10,10,10,10,10,10,10,10,10,10,10,10,10,10,10,10,10,10,10,10,91,10,10,94,10,93,88,10,88,10,113,10,10,115,10,10,10,10,10,10,10,121,10,10,121,10,10,10,10,10,10,10,83,10,97,107,93,129,107,121,135,107,119,133,121,127,141,125,139,125,117,131,97,109,10,111,117,10,115,10,10,95,10,10,109,123,137,109,121,10,123,129,10,127,10,10,10,10,10,10,10,67,83,103,10,10,10,10,10,10,10,10,10,10,10,113,143,111,123,10,10,10,10,144,92,91,10,10,10,10,10,10,10,10,10,10,10,10,10,10,10,10,10,10,10,10,10,10,123,10,10,102,129,10,10,10,139,10,10,10,10,129,10,10,145,10,10,10,10,10,10,10,10,10,10,10,10,10,10,10,10,10,10,10,10,10,10,10,10,10,10,10,10,10,10,10,10,10,10,10,10,10,10,10,10,10,10,10,10,10,10,10,10,105,129,137,123,10,99,10,10,10,10,10,123,10,10,133,10,10,10,10,10,10,10,10,10,103,10,10,119,10,10,22,22,22,22,22,22,22,22,22,22,22,22,22,22,22,22,22,22,22,22,22,22,22,22,22,22,22,22,22,22,22,22,22,22,22,22,22,22,22,22,22,22,22,22,22",
                        "endOffsets": "201,250,306,366,427,482,532,585,643,691,728,775,824,880,931,980,1034,1088,1137,1193,1240,1296,1356,1417,1489,1553,1606,1658,1716,1781,1829,1895,1953,2022,2080,2150,2224,2292,2359,2429,2495,2568,2628,2688,2748,2807,2864,2922,2980,3026,3086,3140,3208,3277,3345,3398,3450,3500,3546,3596,3643,3701,3759,3818,3878,3940,4002,4064,4126,4188,4250,4318,4379,4441,4503,4556,4610,4661,4706,4770,4829,4891,4965,5036,5102,5176,5245,5316,5389,5460,5528,5601,5677,5747,5825,5893,5959,6020,6089,6153,6219,6287,6353,6416,6484,6555,6620,6693,6756,6837,6901,6967,7037,7107,7177,7247,7314,7379,7445,7498,7574,7640,7727,7803,7879,7926,7991,8041,8095,8174,8252,8325,8390,8453,8519,8590,8661,8723,8792,8858,8918,8985,9052,9108,9159,9212,9264,9318,9389,9452,9511,9573,9632,9705,9772,9832,9895,9970,10042,10138,10209,10265,10336,10393,10450,10516,10580,10651,10708,10761,10824,10876,10934,11001,11085,11170,11251,11319,11396,11469,11539,11611,11681,11754,11818,11888,11936,12005,12057,12115,12181,12248,12314,12395,12470,12526,12579,12640,12698,12748,12797,12846,12895,12957,13009,13054,13135,13189,13242,13296,13347,13396,13447,13508,13569,13631,13681,13722,13781,13840,13899,13960,14016,14072,14139,14200,14265,14320,14385,14454,14522,14600,14669,14729,14800,14874,14939,15011,15081,15148,15232,15301,15368,15438,15501,15568,15636,15719,15798,15888,15965,16033,16100,16178,16235,16292,16360,16426,16482,16542,16601,16655,16705,16755,16803,16865,16916,16982,17055,17135,17215,17279,17342,17409,17480,17538,17599,17665,17724,17791,17851,17911,17974,18042,18103,18170,18248,18318,18367,18424,18493,18554,18642,18730,18818,18906,18962,19049,19136,19223,19310,19368,19424,19495,19560,19622,19697,19770,19839,19909,19978,20033,20089,20145,20206,20264,20320,20375,20437,20490,20547,20641,20710,20811,20862,20920,20990,21059,21129,21199,21269,21336,21403,21478,21545,21604,21658,21712,21766,21819,21871,21945,22010,22066,22124,22186,22229,22274,22317,22364,22409,22460,22511,22562,22613,22661,22727,22789,22852,22924,22981,23044,23101,23161,23226,23293,23358,23415,23476,23534,23604,23661,23981,24131,24262,24360,24475,24562,24610,24689,24754,24843,25000,25157,25310,25464,25642,25824,26006,26188,26378,26568,26767,26940,27050,27235,27372,27592,27776,27936,28094,28278,28481,28652,28872,29094,29249,29456,29640,29743,29884,30049,30220,30420,30624,30826,31031,31232,31431,31635,31813,31891,32192,32358,32513,32615,32749,33026,33311,33701,34157,34666,35208,35673,36135,36606,36699,36806,37149,37256,37501,37622,38031,38279,38379,38484,38603,39137,39284,39403,39654,39787,40202,40456,40568,40689,40822,40969,44013,49012,51509,56522,59473,64435,67455,69868,74844,75096,75361,76421,77268,78087,78178,80309,80519,80628,80747,80931,81861,82607,85104,85199,85230,86100,86386,86789,87191,87534,87746,87947,88160,88449,88734,88807,88894,88979,89078,89198,89359,89522,89683,89848,90015,90068,90201,90321,90419,90532,90725,90851,91003,91145,91315,91471,91643,91934,92046,92175,92404,92622,93477,94064,94678,94846,94988,95149,95292,95460,95617,95812,95904,96077,96239,96334,96503,96597,96686,96929,97018,97311,97425,97834,98248,98364,98782,99023,99453,99888,100298,100720,101130,101252,101661,102077,102199,102383,102451,102795,102875,103231,103381,103525,103609,103986,104084,104192,104286,104416,104524,104646,104782,104890,105010,105144,105266,105394,105536,105662,105802,105928,106046,106178,106276,106386,106686,106798,106916,107380,107496,107799,107925,108021,108151,108540,108650,108774,108912,109022,109144,109456,109580,109710,110186,110314,110629,110767,110913,111075,111291,111447,111651,111719,111803,111907,112469,113100,113258,113477,113708,113931,114166,114388,114654,115246,115845,115959,116103,116215,116339,116910,117508,118003,118549,118694,118787,118879,120240,120628,120926,121115,121321,121514,121724,121941,122202,122333,122765,123289,123933,124130,125078,125635,125758,126531,126752,126952,128929,129164,129288,129796,130010,130113,130243,130418,130665,130856,130996,131190,131460,132341,132629,132759,133524,134169,134315,134876,135114,136537,136687,137104,137269,137955,138425,138621,138783,138938,139082,139316,139483,140257,140543,140703,141318,141477,141805,142032,142397,142768,143129,144883,145512,146588,147108,147260,148250,148987,149190,149436,149683,149925,150246,150551,150774,150946,151487,151756,152250,152511,152951,153696,154061,154366,156066,156172,156302,156440,156564,156717,156817,157453,157754,158615,159370,159809,159933,160174,160362,160496,160687,161466,161735,162026,162305,162622,162844,163139,163422,163526,164173,164738,164858,165355,165889,167513,168224,170272,171114,173038,175959,179471,184606,185884,191714,192422,193109,193493,195663,195894,196198,196515,196972,197279,197709,200462,201080,201609,202104,203419,203910,204341,204714,205056,205264,208485,208622,208857,210711,210846,212986,213427,214657,215078,215394,220036,220301,233830,234899,235233"
                    },
                    "to": {
                        "startLines": "2,3,13,14,15,16,19,20,21,22,23,24,25,26,27,28,29,30,31,32,33,39,40,45,46,47,49,51,52,53,54,163,164,165,166,167,168,169,170,171,172,173,174,175,176,177,178,179,180,182,183,184,185,186,187,188,189,190,191,192,193,194,195,196,197,198,199,200,201,202,203,204,205,206,207,208,209,211,212,213,214,218,263,264,265,266,267,268,269,270,271,272,273,274,275,276,277,278,279,280,281,282,283,284,285,286,287,288,289,290,291,292,293,294,295,296,297,324,325,326,327,328,329,330,331,442,443,463,464,465,466,467,468,469,470,471,472,473,474,475,476,477,478,479,480,481,482,483,484,485,486,487,488,489,490,491,492,493,494,495,496,497,498,499,500,501,502,503,504,505,506,507,508,509,547,548,549,550,551,552,553,554,555,556,557,558,559,560,561,562,563,564,565,566,567,568,569,570,571,572,573,574,575,576,577,578,579,580,581,582,583,584,585,586,587,588,589,590,591,592,593,594,595,596,597,598,599,600,601,602,603,604,605,606,607,608,609,610,611,612,613,614,615,616,617,618,619,620,621,622,623,624,625,626,627,628,629,630,631,632,633,634,635,636,637,638,639,640,641,642,643,644,645,646,647,648,649,650,651,652,653,654,655,656,657,658,659,660,661,662,663,664,665,666,667,668,669,670,671,672,673,674,675,676,677,678,679,680,681,682,683,684,685,686,687,688,689,690,691,692,693,694,695,696,697,698,699,700,701,702,703,704,705,706,707,708,709,710,711,712,713,714,751,805,806,807,811,814,815,827,828,829,830,831,832,840,843,844,847,848,849,850,851,852,853,854,855,856,857,858,859,860,862,908,923,924,925,926,927,928,929,930,931,932,934,936,938,939,940,941,942,943,944,945,946,947,948,949,950,951,952,953,954,955,956,957,958,959,960,961,962,963,964,965,966,967,968,969,970,971,972,973,974,975,976,977,982,988,992,1056,1063,1070,1240,1250,1259,1268,1336,1337,1338,1343,1344,1348,1349,1355,1359,1360,1361,1362,1372,1373,1374,1378,1379,1385,1389,1459,1460,1461,1462,1508,1580,1618,1690,1735,1807,1855,1893,1965,1969,1973,2732,2747,2759,2760,2807,2811,2812,2813,2816,2829,2842,2882,2891,2892,2904,2908,2913,2918,2923,2926,2929,2932,2936,3079,3080,3081,3082,3159,3162,3165,3168,3171,3175,3179,3180,3183,3186,3189,3192,3196,3199,3202,3205,3208,3211,3214,3218,3221,3224,3228,3231,3241,3249,3257,3260,3263,3266,3269,3272,3342,3345,3346,3349,3352,3353,3356,3357,3358,3362,3363,3368,3369,3377,3385,3386,3394,3398,3406,3414,3422,3430,3438,3439,3447,3455,3456,3494,3496,3501,3503,3508,3512,3516,3517,3522,3523,3524,3525,3526,3527,3528,3529,3530,3531,3532,3533,3534,3535,3536,3537,3538,3539,3540,3541,3542,3546,3547,3548,3554,3555,3559,3561,3562,3565,3570,3571,3572,3573,3574,3575,3579,3580,3581,3587,3588,3592,3594,3597,3601,3605,3609,3625,3626,3627,3628,3636,3644,3647,3652,3657,3662,3667,3671,3675,3684,3692,3693,3694,3695,3696,3704,3713,3718,3723,3724,3725,3726,3744,3748,3753,3756,3760,3763,3767,3771,3775,3875,3883,3892,3905,3909,3924,3932,3935,3946,3951,3955,3990,3994,3995,4002,4006,4007,4008,4011,4015,4019,4020,4024,4029,4044,4048,4049,4061,4071,4072,4082,4087,4109,4112,4118,4121,4130,4138,4142,4145,4148,4151,4155,4158,4173,4177,4180,4195,4198,4206,4211,4217,4223,4229,4259,4270,4287,4294,4297,4309,4318,4322,4327,4331,4335,4339,4343,4347,4350,4359,4364,4373,4377,4384,4393,4399,4403,4425,4426,4427,4428,4429,4432,4433,4442,4446,4458,4470,4477,4478,4482,4486,4487,4491,4505,4511,4517,4523,4529,4534,4540,4546,4547,4556,4564,4565,4572,4755,4780,4792,5369,5389,5443,5492,5579,5688,5714,5808,5978,5990,5996,6042,6046,6127,6177,6233,6239,6246,6302,6314,6325,6337,6365,6374,6381,6387,6395,6584,6677,6680,6721,6759,6763,6806,6814,6947,6954,6962,7071,7076,7316,7401",
                        "startColumns": "4,4,4,4,4,4,4,4,4,4,4,4,4,4,4,4,4,4,4,4,4,4,4,4,4,4,4,4,4,4,4,4,4,4,4,4,4,4,4,4,4,4,4,4,4,4,4,4,4,4,4,4,4,4,4,4,4,4,4,4,4,4,4,4,4,4,4,4,4,4,4,4,4,4,4,4,4,4,4,4,4,4,4,4,4,4,4,4,4,4,4,4,4,4,4,4,4,4,4,4,4,4,4,4,4,4,4,4,4,4,4,4,4,4,4,4,4,4,4,4,4,4,4,4,4,4,4,4,4,4,4,4,4,4,4,4,4,4,4,4,4,4,4,4,4,4,4,4,4,4,4,4,4,4,4,4,4,4,4,4,4,4,4,4,4,4,4,4,4,4,4,4,4,4,4,4,4,4,4,4,4,4,4,4,4,4,4,4,4,4,4,4,4,4,4,4,4,4,4,4,4,4,4,4,4,4,4,4,4,4,4,4,4,4,4,4,4,4,4,4,4,4,4,4,4,4,4,4,4,4,4,4,4,4,4,4,4,4,4,4,4,4,4,4,4,4,4,4,4,4,4,4,4,4,4,4,4,4,4,4,4,4,4,4,4,4,4,4,4,4,4,4,4,4,4,4,4,4,4,4,4,4,4,4,4,4,4,4,4,4,4,4,4,4,4,4,4,4,4,4,4,4,4,4,4,4,4,4,4,4,4,4,4,4,4,4,4,4,4,4,4,4,4,4,4,4,4,4,4,4,4,4,4,4,4,4,4,4,4,4,4,4,4,4,4,4,4,4,4,4,4,4,4,4,4,4,4,4,4,4,4,4,4,4,4,4,4,4,4,4,4,4,4,4,4,4,4,4,4,4,4,4,4,4,4,4,4,4,4,4,4,4,4,4,4,4,4,4,4,4,4,4,4,4,4,4,4,4,4,4,4,4,4,4,4,4,4,4,4,4,4,4,4,4,4,4,4,4,4,4,4,4,4,4,4,4,4,4,4,4,4,4,4,4,4,4,4,4,4,4,4,4,4,4,4,4,4,4,4,4,4,4,4,4,4,4,4,4,4,4,4,4,4,4,4,4,4,4,4,4,4,4,4,4,4,4,4,4,4,4,4,4,4,4,4,4,4,4,4,4,4,4,4,4,4,4,4,4,4,4,4,4,4,4,4,4,4,4,4,4,4,4,4,4,4,4,4,4,4,4,4,4,4,4,4,4,4,4,4,4,4,4,4,4,4,4,4,4,4,4,4,4,4,4,4,4,4,4,4,4,4,4,4,4,4,4,4,4,4,4,4,4,4,4,4,4,4,4,4,4,4,4,4,4,4,4,4,4,4,4,4,4,4,4,4,4,4,4,4,4,4,4,4,4,4,4,4,4,4,4,4,4,4,4,4,4,4,4,4,4,4,4,4,4,4,4,4,4,4,4,4,4,4,4,4,4,4,4,4,4,4,4,4,4,4,4,4,4,4,4,4,4,4,4,4,4,4,4,4,4,4,4,4,4,4,4,4,4,4,4,4,4,4,4,4,4,4,4,4,4,4,4,4,4,4,4,4,4,4,4,4,4,4,4,4,4,4,4,4,4,4,4,4,4,4,4,4,4,4,4,4,4,4,4,4,4,4,4,4,4,4,4,4,4,4,4,4,4,4,4,4,4,4,4,4,4,4,4,4,4,4,4,4,4,4,4,4,4,4,4,4,4,4,4,4,4,4,4,4,4,4,4,4,4,4,4,4,4,4,4,4,4,4,4,4,4,4,4,4,4,4,4,4,4,4,4,4,4,4,4,4,4,4,4,4,4,4,4",
                        "startOffsets": "150,206,607,663,723,784,939,989,1042,1100,1148,1185,1232,1281,1337,1388,1437,1491,1545,1594,1650,1972,2028,2215,2276,2348,2457,2559,2611,2669,2734,7860,7926,7984,8053,8111,8181,8255,8323,8390,8460,8526,8599,8659,8719,8779,8838,8895,8953,9067,9113,9173,9227,9295,9364,9432,9485,9537,9587,9633,9683,9730,9788,9846,9905,9965,10027,10089,10151,10213,10275,10337,10405,10466,10528,10590,10643,10738,10789,10834,10898,11133,13816,13890,13961,14027,14101,14170,14241,14314,14385,14453,14526,14602,14672,14750,14818,14884,14945,15014,15078,15144,15212,15278,15341,15409,15480,15545,15618,15681,15762,15826,15892,15962,16032,16102,16172,17755,17820,17886,17939,18015,18081,18168,18244,25593,25640,26857,26907,26961,27040,27118,27191,27256,27319,27385,27456,27527,27589,27658,27724,27784,27851,27918,27974,28025,28078,28130,28184,28255,28318,28377,28439,28498,28571,28638,28698,28761,28836,28908,29004,29075,29131,29202,29259,29316,29382,29446,29517,29574,29627,29690,29742,29800,32106,32190,32275,32356,32424,32501,32574,32644,32716,32786,32859,32923,32993,33041,33110,33162,33220,33286,33353,33419,33500,33575,33631,33684,33745,33803,33853,33902,33951,34000,34062,34114,34159,34240,34294,34347,34401,34452,34501,34552,34613,34674,34736,34786,34827,34886,34945,35004,35065,35121,35177,35244,35305,35370,35425,35490,35559,35627,35705,35774,35834,35905,35979,36044,36116,36186,36253,36337,36406,36473,36543,36606,36673,36741,36824,36903,36993,37070,37138,37205,37283,37340,37397,37465,37531,37587,37647,37706,37760,37810,37860,37908,37970,38021,38087,38160,38240,38320,38384,38447,38514,38585,38643,38704,38770,38829,38896,38956,39016,39079,39147,39208,39275,39353,39423,39472,39529,39598,39659,39747,39835,39923,40011,40067,40154,40241,40328,40415,40473,40529,40600,40665,40727,40802,40875,40944,41014,41083,41138,41194,41250,41311,41369,41425,41480,41542,41595,41652,41746,41815,41916,41967,42025,42095,42164,42234,42304,42374,42441,42508,42583,42650,42709,42763,42817,42871,42924,42976,45139,48242,48298,48356,48557,48702,48747,49361,49408,49453,49504,49555,49606,49990,50164,50230,50409,50472,50544,50601,50664,50721,50781,50846,50913,50978,51035,51096,51154,51224,51351,54275,55369,55500,55598,55713,55800,55848,55927,55992,56081,56238,56436,56627,56822,57000,57182,57364,57546,57736,57926,58125,58298,58408,58593,58730,58950,59134,59294,59452,59636,59839,60010,60230,60452,60607,60814,60998,61101,61242,61407,61578,61778,61982,62184,62389,62590,62789,62993,63171,63249,63550,63716,63871,64265,64673,64950,68850,69240,69696,80833,81375,81840,82302,86630,86723,86830,87173,87280,87525,87646,88055,88303,88403,88508,88627,89161,89308,89427,89678,89811,90226,90480,95751,95872,96005,96152,99196,104195,106692,111705,114656,119618,122638,125051,130027,130279,130544,178812,179659,180478,180569,182700,182910,183019,183138,183322,184252,184998,187495,187908,187939,188809,189095,189498,189900,190243,190455,190656,190869,191158,202404,202477,202564,202649,207400,207520,207681,207844,208005,208170,208337,208390,208523,208643,208741,208854,209047,209173,209325,209467,209637,209793,209965,210256,210368,210497,210726,210944,211799,212386,213000,213168,213310,213471,213614,213782,220411,220606,220698,220871,221033,221128,221297,221391,221480,221723,221812,222105,222219,222628,223042,223158,223576,223817,224247,224682,225092,225514,225924,226046,226455,226871,226993,229761,229829,230173,230253,230609,230759,230903,230987,231364,231462,231570,231664,231794,231902,232024,232160,232268,232388,232522,232644,232772,232914,233040,233180,233306,233424,233556,233654,233764,234064,234176,234294,234758,234874,235177,235303,235399,235529,235918,236028,236152,236290,236400,236522,236834,236958,237088,237564,237692,238007,238145,238291,238453,238669,238825,240032,240100,240184,240288,240850,241481,241639,241858,242089,242312,242547,242769,243035,243627,244226,244340,244484,244596,244720,245291,245889,246384,246930,247075,247168,247260,248621,249009,249307,249496,249702,249895,250105,250322,250583,258509,258941,259465,260109,260306,261254,261811,261934,262707,262928,263128,265105,265340,265464,265972,266186,266289,266419,266594,266841,267032,267172,267366,267636,268517,268805,268935,269700,270345,270491,271052,271290,272713,272863,273280,273445,274131,274601,274797,274959,275114,275258,275492,275659,276433,276719,276879,277494,277653,277981,278208,278573,278944,279305,281059,281688,282764,283284,283436,284426,285163,285366,285612,285859,286101,286422,286727,286950,287122,287663,287932,288426,288687,289127,289872,290237,290542,292242,292348,292478,292616,292740,292893,292993,293629,293930,294791,295546,295985,296109,296350,296538,296672,296863,297642,297911,298202,298481,298798,299020,299315,299598,299702,300349,300914,301034,301531,312272,313896,314607,345172,346014,348935,351856,357451,362586,363864,369694,385034,385721,386105,388275,388506,393781,396235,399431,399738,400168,402921,403539,404068,404563,405878,406369,406800,407173,407515,416469,422060,422197,424482,426336,426471,428611,429052,436684,437105,437421,443265,443530,457059,462207",
                        "endLines": "2,3,13,14,15,16,19,20,21,22,23,24,25,26,27,28,29,30,31,32,33,39,40,45,46,47,49,51,52,53,54,163,164,165,166,167,168,169,170,171,172,173,174,175,176,177,178,179,180,182,183,184,185,186,187,188,189,190,191,192,193,194,195,196,197,198,199,200,201,202,203,204,205,206,207,208,209,211,212,213,214,218,263,264,265,266,267,268,269,270,271,272,273,274,275,276,277,278,279,280,281,282,283,284,285,286,287,288,289,290,291,292,293,294,295,296,297,324,325,326,327,328,329,330,331,442,443,463,464,465,466,467,468,469,470,471,472,473,474,475,476,477,478,479,480,481,482,483,484,485,486,487,488,489,490,491,492,493,494,495,496,497,498,499,500,501,502,503,504,505,506,507,508,509,547,548,549,550,551,552,553,554,555,556,557,558,559,560,561,562,563,564,565,566,567,568,569,570,571,572,573,574,575,576,577,578,579,580,581,582,583,584,585,586,587,588,589,590,591,592,593,594,595,596,597,598,599,600,601,602,603,604,605,606,607,608,609,610,611,612,613,614,615,616,617,618,619,620,621,622,623,624,625,626,627,628,629,630,631,632,633,634,635,636,637,638,639,640,641,642,643,644,645,646,647,648,649,650,651,652,653,654,655,656,657,658,659,660,661,662,663,664,665,666,667,668,669,670,671,672,673,674,675,676,677,678,679,680,681,682,683,684,685,686,687,688,689,690,691,692,693,694,695,696,697,698,699,700,701,702,703,704,705,706,707,708,709,710,711,712,713,714,751,805,806,807,811,814,815,827,828,829,830,831,832,840,843,844,847,848,849,850,851,852,853,854,855,856,857,858,859,860,865,908,923,924,925,926,927,928,929,930,931,932,934,936,938,939,940,941,942,943,944,945,946,947,948,949,950,951,952,953,954,955,956,957,958,959,960,961,962,963,964,965,966,967,968,969,970,971,972,973,974,975,976,977,984,991,995,1062,1069,1077,1249,1258,1267,1276,1336,1337,1342,1343,1347,1348,1354,1358,1359,1360,1361,1371,1372,1373,1377,1378,1384,1388,1389,1459,1460,1461,1507,1579,1617,1689,1734,1806,1854,1892,1964,1968,1972,1984,2746,2758,2759,2806,2810,2811,2812,2815,2828,2841,2881,2882,2891,2903,2907,2912,2917,2922,2925,2928,2931,2935,2939,3079,3080,3081,3082,3161,3164,3167,3170,3174,3178,3179,3182,3185,3188,3191,3195,3198,3201,3204,3207,3210,3213,3217,3220,3223,3227,3230,3240,3248,3256,3259,3262,3265,3268,3271,3274,3344,3345,3348,3351,3352,3355,3356,3357,3361,3362,3367,3368,3376,3384,3385,3393,3397,3405,3413,3421,3429,3437,3438,3446,3454,3455,3458,3495,3500,3502,3507,3511,3515,3516,3521,3522,3523,3524,3525,3526,3527,3528,3529,3530,3531,3532,3533,3534,3535,3536,3537,3538,3539,3540,3541,3545,3546,3547,3553,3554,3558,3560,3561,3564,3569,3570,3571,3572,3573,3574,3578,3579,3580,3586,3587,3591,3593,3596,3600,3604,3608,3612,3625,3626,3627,3635,3643,3646,3651,3656,3661,3666,3670,3674,3683,3691,3692,3693,3694,3695,3703,3712,3717,3722,3723,3724,3725,3743,3747,3752,3755,3759,3762,3766,3770,3774,3777,3882,3891,3904,3908,3923,3931,3934,3945,3950,3954,3989,3993,3994,4001,4005,4006,4007,4010,4014,4018,4019,4023,4028,4043,4047,4048,4060,4070,4071,4081,4086,4108,4111,4117,4120,4129,4137,4141,4144,4147,4150,4154,4157,4172,4176,4179,4194,4197,4205,4210,4216,4222,4228,4258,4269,4286,4293,4296,4308,4317,4321,4326,4330,4334,4338,4342,4346,4349,4358,4363,4372,4376,4383,4392,4398,4402,4424,4425,4426,4427,4428,4431,4432,4441,4445,4457,4469,4476,4477,4481,4485,4486,4490,4504,4510,4516,4522,4528,4533,4539,4545,4546,4555,4563,4564,4571,4579,4779,4791,4830,5388,5422,5491,5545,5687,5713,5807,5822,5989,5995,6041,6045,6051,6132,6183,6238,6245,6301,6313,6324,6336,6364,6373,6380,6386,6394,6399,6631,6679,6683,6758,6762,6805,6813,6836,6953,6961,7046,7075,7315,7331,7409",
                        "endColumns": "55,48,55,59,60,54,49,52,57,47,36,46,48,55,50,48,53,53,48,55,46,55,59,60,71,63,52,51,57,64,47,65,57,68,57,69,73,67,66,69,65,72,59,59,59,58,56,57,57,45,59,53,67,68,67,52,51,49,45,49,46,57,57,58,59,61,61,61,61,61,61,67,60,61,61,52,53,50,44,63,58,61,73,70,65,73,68,70,72,70,67,72,75,69,77,67,65,60,68,63,65,67,65,62,67,70,64,72,62,80,63,65,69,69,69,69,66,64,65,52,75,65,86,75,75,46,64,49,53,78,77,72,64,62,65,70,70,61,68,65,59,66,66,55,50,52,51,53,70,62,58,61,58,72,66,59,62,74,71,95,70,55,70,56,56,65,63,70,56,52,62,51,57,66,83,84,80,67,76,72,69,71,69,72,63,69,47,68,51,57,65,66,65,80,74,55,52,60,57,49,48,48,48,61,51,44,80,53,52,53,50,48,50,60,60,61,49,40,58,58,58,60,55,55,66,60,64,54,64,68,67,77,68,59,70,73,64,71,69,66,83,68,66,69,62,66,67,82,78,89,76,67,66,77,56,56,67,65,55,59,58,53,49,49,47,61,50,65,72,79,79,63,62,66,70,57,60,65,58,66,59,59,62,67,60,66,77,69,48,56,68,60,87,87,87,87,55,86,86,86,86,57,55,70,64,61,74,72,68,69,68,54,55,55,60,57,55,54,61,52,56,93,68,100,50,57,69,68,69,69,69,66,66,74,66,58,53,53,53,52,51,73,64,55,57,61,42,44,42,46,44,50,50,50,50,47,65,61,62,71,56,62,56,59,64,66,64,56,60,57,69,56,12,149,130,97,114,86,47,78,64,88,156,156,152,153,177,181,181,181,189,189,198,172,109,184,136,219,183,159,157,183,202,170,219,221,154,206,183,102,140,164,170,199,203,201,204,200,198,203,177,77,300,165,154,101,10,10,10,10,10,10,10,10,10,10,92,106,10,106,10,120,10,10,99,104,118,10,146,118,10,132,10,10,111,120,132,146,10,10,10,10,10,10,10,10,10,10,10,10,10,10,90,10,10,108,118,10,10,10,10,94,30,10,10,10,10,10,10,10,10,10,10,72,86,84,98,10,10,10,10,10,10,52,10,10,10,10,10,10,10,10,10,10,10,10,10,10,10,10,10,10,10,10,10,10,10,10,10,10,91,10,10,94,10,93,88,10,88,10,113,10,10,115,10,10,10,10,10,10,10,121,10,10,121,10,10,10,10,10,10,10,83,10,97,107,93,129,107,121,135,107,119,133,121,127,141,125,139,125,117,131,97,109,10,111,117,10,115,10,10,95,10,10,109,123,137,109,121,10,123,129,10,127,10,10,10,10,10,10,10,67,83,103,10,10,10,10,10,10,10,10,10,10,10,113,143,111,123,10,10,10,10,144,92,91,10,10,10,10,10,10,10,10,10,10,10,10,10,10,10,10,10,10,10,10,10,10,123,10,10,102,129,10,10,10,139,10,10,10,10,129,10,10,145,10,10,10,10,10,10,10,10,10,10,10,10,10,10,10,10,10,10,10,10,10,10,10,10,10,10,10,10,10,10,10,10,10,10,10,10,10,10,10,10,10,10,10,10,10,10,10,10,105,129,137,123,10,99,10,10,10,10,10,123,10,10,133,10,10,10,10,10,10,10,10,10,103,10,10,119,10,10,22,22,22,22,22,22,22,22,22,22,22,22,22,22,22,22,22,22,22,22,22,22,22,22,22,22,22,22,22,22,22,22,22,22,22,22,22,22,22,22,22,22,22,22,22",
                        "endOffsets": "201,250,658,718,779,834,984,1037,1095,1143,1180,1227,1276,1332,1383,1432,1486,1540,1589,1645,1692,2023,2083,2271,2343,2407,2505,2606,2664,2729,2777,7921,7979,8048,8106,8176,8250,8318,8385,8455,8521,8594,8654,8714,8774,8833,8890,8948,9006,9108,9168,9222,9290,9359,9427,9480,9532,9582,9628,9678,9725,9783,9841,9900,9960,10022,10084,10146,10208,10270,10332,10400,10461,10523,10585,10638,10692,10784,10829,10893,10952,11190,13885,13956,14022,14096,14165,14236,14309,14380,14448,14521,14597,14667,14745,14813,14879,14940,15009,15073,15139,15207,15273,15336,15404,15475,15540,15613,15676,15757,15821,15887,15957,16027,16097,16167,16234,17815,17881,17934,18010,18076,18163,18239,18315,25635,25700,26902,26956,27035,27113,27186,27251,27314,27380,27451,27522,27584,27653,27719,27779,27846,27913,27969,28020,28073,28125,28179,28250,28313,28372,28434,28493,28566,28633,28693,28756,28831,28903,28999,29070,29126,29197,29254,29311,29377,29441,29512,29569,29622,29685,29737,29795,29862,32185,32270,32351,32419,32496,32569,32639,32711,32781,32854,32918,32988,33036,33105,33157,33215,33281,33348,33414,33495,33570,33626,33679,33740,33798,33848,33897,33946,33995,34057,34109,34154,34235,34289,34342,34396,34447,34496,34547,34608,34669,34731,34781,34822,34881,34940,34999,35060,35116,35172,35239,35300,35365,35420,35485,35554,35622,35700,35769,35829,35900,35974,36039,36111,36181,36248,36332,36401,36468,36538,36601,36668,36736,36819,36898,36988,37065,37133,37200,37278,37335,37392,37460,37526,37582,37642,37701,37755,37805,37855,37903,37965,38016,38082,38155,38235,38315,38379,38442,38509,38580,38638,38699,38765,38824,38891,38951,39011,39074,39142,39203,39270,39348,39418,39467,39524,39593,39654,39742,39830,39918,40006,40062,40149,40236,40323,40410,40468,40524,40595,40660,40722,40797,40870,40939,41009,41078,41133,41189,41245,41306,41364,41420,41475,41537,41590,41647,41741,41810,41911,41962,42020,42090,42159,42229,42299,42369,42436,42503,42578,42645,42704,42758,42812,42866,42919,42971,43045,45199,48293,48351,48413,48595,48742,48785,49403,49448,49499,49550,49601,49652,50033,50225,50287,50467,50539,50596,50659,50716,50776,50841,50908,50973,51030,51091,51149,51219,51276,51666,54420,55495,55593,55708,55795,55843,55922,55987,56076,56233,56390,56584,56776,56995,57177,57359,57541,57731,57921,58120,58293,58403,58588,58725,58945,59129,59289,59447,59631,59834,60005,60225,60447,60602,60809,60993,61096,61237,61402,61573,61773,61977,62179,62384,62585,62784,62988,63166,63244,63545,63711,63866,63968,64394,64945,65230,69235,69691,70200,81370,81835,82297,82768,86718,86825,87168,87275,87520,87641,88050,88298,88398,88503,88622,89156,89303,89422,89673,89806,90221,90475,90587,95867,96000,96147,99191,104190,106687,111700,114651,119613,122633,125046,130022,130274,130539,131599,179654,180473,180564,182695,182905,183014,183133,183317,184247,184993,187490,187585,187934,188804,189090,189493,189895,190238,190450,190651,190864,191153,191438,202472,202559,202644,202743,207515,207676,207839,208000,208165,208332,208385,208518,208638,208736,208849,209042,209168,209320,209462,209632,209788,209960,210251,210363,210492,210721,210939,211794,212381,212995,213163,213305,213466,213609,213777,213934,220601,220693,220866,221028,221123,221292,221386,221475,221718,221807,222100,222214,222623,223037,223153,223571,223812,224242,224677,225087,225509,225919,226041,226450,226866,226988,227172,229824,230168,230248,230604,230754,230898,230982,231359,231457,231565,231659,231789,231897,232019,232155,232263,232383,232517,232639,232767,232909,233035,233175,233301,233419,233551,233649,233759,234059,234171,234289,234753,234869,235172,235298,235394,235524,235913,236023,236147,236285,236395,236517,236829,236953,237083,237559,237687,238002,238140,238286,238448,238664,238820,239024,240095,240179,240283,240845,241476,241634,241853,242084,242307,242542,242764,243030,243622,244221,244335,244479,244591,244715,245286,245884,246379,246925,247070,247163,247255,248616,249004,249302,249491,249697,249890,250100,250317,250578,250709,258936,259460,260104,260301,261249,261806,261929,262702,262923,263123,265100,265335,265459,265967,266181,266284,266414,266589,266836,267027,267167,267361,267631,268512,268800,268930,269695,270340,270486,271047,271285,272708,272858,273275,273440,274126,274596,274792,274954,275109,275253,275487,275654,276428,276714,276874,277489,277648,277976,278203,278568,278939,279300,281054,281683,282759,283279,283431,284421,285158,285361,285607,285854,286096,286417,286722,286945,287117,287658,287927,288421,288682,289122,289867,290232,290537,292237,292343,292473,292611,292735,292888,292988,293624,293925,294786,295541,295980,296104,296345,296533,296667,296858,297637,297906,298197,298476,298793,299015,299310,299593,299697,300344,300909,301029,301526,302060,313891,314602,316650,346009,347933,351851,355363,362581,363859,369689,370397,385716,386100,388270,388501,388805,394093,396687,399733,400163,402916,403534,404063,404558,405873,406364,406795,407168,407510,407718,419685,422192,422427,426331,426466,428606,429047,430277,437100,437416,442058,443525,457054,458123,462536"
                    }
                },
                {
                    "source": "C:\\Users\\DC-big-old\\.gradle\\caches\\transforms-2\\files-2.1\\7c534088c709ef4f962350c99f0510e9\\jetified-appcompat-resources-1.1.0\\res\\values\\values.xml",
                    "from": {
                        "startLines": "2,29,36,47,74",
                        "startColumns": "4,4,4,4,4",
                        "startOffsets": "55,1702,2087,2684,4317",
                        "endLines": "28,35,46,73,78",
                        "endColumns": "24,24,24,24,24",
                        "endOffsets": "1697,2082,2679,4312,4582"
                    },
                    "to": {
                        "startLines": "4710,4737,4744,6849,6876",
                        "startColumns": "4,4,4,4,4",
                        "startOffsets": "309643,311290,311675,430930,432563",
                        "endLines": "4736,4743,4754,6875,6880",
                        "endColumns": "24,24,24,24,24",
                        "endOffsets": "311285,311670,312267,432558,432828"
                    }
                },
                {
                    "source": "C:\\Users\\DC-big-old\\.gradle\\caches\\transforms-2\\files-2.1\\6cac2e40aaad7d17efd78ef41d825d1b\\coordinatorlayout-1.1.0\\res\\values\\values.xml",
                    "from": {
                        "startLines": "2,3,6,16",
                        "startColumns": "4,4,4,4",
                        "startOffsets": "55,116,261,869",
                        "endLines": "2,5,15,104",
                        "endColumns": "60,12,24,24",
                        "endOffsets": "111,256,864,6075"
                    },
                    "to": {
                        "startLines": "37,4580,5861,5871",
                        "startColumns": "4,4,4,4",
                        "startOffsets": "1856,302065,378182,378790",
                        "endLines": "37,4582,5870,5959",
                        "endColumns": "60,12,24,24",
                        "endOffsets": "1912,302205,378785,383996"
                    }
                },
                {
                    "source": "C:\\Users\\DC-big-old\\.gradle\\caches\\transforms-2\\files-2.1\\c2c5fa787d66aaf40578b3071f4d283f\\appcompat-1.1.0\\res\\values\\values.xml",
                    "from": {
                        "startLines": "2,3,4,5,6,7,8,9,10,11,12,13,14,15,16,17,18,19,20,21,22,23,24,25,26,27,28,29,30,31,32,33,34,35,36,37,38,39,40,41,42,43,44,45,46,47,48,49,50,51,52,53,54,55,56,57,58,59,60,61,62,63,64,65,66,67,68,69,70,71,72,73,74,75,76,77,78,79,80,81,82,83,84,85,86,87,88,89,90,91,92,93,94,95,96,97,98,99,100,101,102,103,104,105,106,107,108,109,110,111,112,113,114,115,116,117,118,119,120,121,122,123,124,125,126,127,128,129,130,131,132,133,134,135,136,137,138,139,140,141,142,143,144,145,146,147,148,149,150,151,152,153,154,155,156,157,158,159,160,161,162,163,164,165,166,167,168,169,170,171,172,173,174,175,176,177,178,179,180,181,182,183,184,185,186,187,188,189,190,191,192,193,194,195,196,197,198,199,200,201,202,203,204,205,206,207,208,209,210,218,219,223,227,231,236,242,249,253,257,262,266,270,274,278,282,286,292,296,302,306,312,316,321,325,328,332,338,342,348,352,358,361,365,369,373,377,381,382,383,384,387,390,393,396,400,401,402,403,404,407,409,411,413,418,419,423,429,433,434,436,447,448,452,458,462,463,464,468,495,499,500,504,532,703,729,901,927,958,966,972,986,1008,1013,1018,1028,1037,1046,1050,1057,1065,1072,1073,1082,1085,1088,1092,1096,1100,1103,1104,1109,1114,1124,1129,1136,1142,1143,1146,1150,1155,1157,1159,1162,1165,1167,1171,1174,1181,1184,1187,1191,1193,1197,1199,1201,1203,1207,1215,1223,1235,1241,1250,1253,1264,1267,1268,1273,1274,1279,1348,1418,1419,1429,1438,1439,1441,1445,1448,1451,1454,1457,1460,1463,1466,1470,1473,1476,1479,1483,1486,1490,1494,1495,1496,1497,1498,1499,1500,1501,1502,1503,1504,1505,1506,1507,1508,1509,1510,1511,1512,1513,1514,1516,1518,1519,1520,1521,1522,1523,1524,1525,1527,1528,1530,1531,1533,1535,1536,1538,1539,1540,1541,1542,1543,1545,1546,1547,1548,1549,1550,1552,1554,1556,1557,1558,1559,1560,1561,1562,1563,1564,1565,1566,1567,1568,1570,1571,1572,1573,1574,1575,1577,1581,1585,1586,1587,1588,1589,1590,1594,1595,1596,1597,1599,1601,1603,1605,1607,1608,1609,1610,1612,1614,1616,1617,1618,1619,1620,1621,1622,1623,1624,1625,1626,1627,1630,1631,1632,1633,1635,1637,1638,1640,1641,1643,1645,1647,1648,1649,1650,1651,1652,1653,1654,1655,1656,1657,1658,1660,1661,1662,1663,1665,1666,1667,1668,1669,1671,1673,1675,1677,1678,1679,1680,1681,1682,1683,1684,1685,1686,1687,1688,1689,1690,1691,1692,1775,1778,1781,1784,1798,1809,1819,1849,1876,1885,1960,2357,2362,2390,2408,2444,2450,2456,2479,2620,2640,2646,2650,2656,2693,2705,2771,2795,2864,2883,2909",
                        "startColumns": "4,4,4,4,4,4,4,4,4,4,4,4,4,4,4,4,4,4,4,4,4,4,4,4,4,4,4,4,4,4,4,4,4,4,4,4,4,4,4,4,4,4,4,4,4,4,4,4,4,4,4,4,4,4,4,4,4,4,4,4,4,4,4,4,4,4,4,4,4,4,4,4,4,4,4,4,4,4,4,4,4,4,4,4,4,4,4,4,4,4,4,4,4,4,4,4,4,4,4,4,4,4,4,4,4,4,4,4,4,4,4,4,4,4,4,4,4,4,4,4,4,4,4,4,4,4,4,4,4,4,4,4,4,4,4,4,4,4,4,4,4,4,4,4,4,4,4,4,4,4,4,4,4,4,4,4,4,4,4,4,4,4,4,4,4,4,4,4,4,4,4,4,4,4,4,4,4,4,4,4,4,4,4,4,4,4,4,4,4,4,4,4,4,4,4,4,4,4,4,4,4,4,4,4,4,4,4,4,4,4,4,4,4,4,4,4,4,4,4,4,4,4,4,4,4,4,4,4,4,4,4,4,4,4,4,4,4,4,4,4,4,4,4,4,4,4,4,4,4,4,4,4,4,4,4,4,4,4,4,4,4,4,4,4,4,4,4,4,4,4,4,4,4,4,4,4,4,4,4,4,4,4,4,4,4,4,4,4,4,4,4,4,4,4,4,4,4,4,4,4,4,4,4,4,4,4,4,4,4,4,4,4,4,4,4,4,4,4,4,4,4,4,4,4,4,4,4,4,4,4,4,4,4,4,4,4,4,4,4,4,4,4,4,4,4,4,4,4,4,4,4,4,4,4,4,4,4,4,4,4,4,4,4,4,4,4,4,4,4,4,4,4,4,4,4,4,4,4,4,4,4,4,4,4,4,4,4,4,4,4,4,4,4,4,4,4,4,4,4,4,4,4,4,4,4,4,4,4,4,4,4,4,4,4,4,4,4,4,4,4,4,4,4,4,4,4,4,4,4,4,4,4,4,4,4,4,4,4,4,4,4,4,4,4,4,4,4,4,4,4,4,4,4,4,4,4,4,4,4,4,4,4,4,4,4,4,4,4,4,4,4,4,4,4,4,4,4,4,4,4,4,4,4,4,4,4,4,4,4,4,4,4,4,4,4,4,4,4,4,4,4,4,4,4,4,4,4,4,4,4,4,4,4,4,4,4,4,4,4,4,4,4,4,4,4,4,4,4,4,4,4,4,4,4,4,4,4,4,4,4,4,4,4,4,4,4,4,4,4,4,4,4,4,4,4,4,4",
                        "startOffsets": "105,160,205,254,295,350,409,471,552,613,688,764,841,919,1004,1086,1162,1238,1315,1393,1499,1605,1684,1764,1821,1879,1953,2028,2093,2159,2219,2280,2352,2425,2492,2560,2619,2678,2737,2796,2855,2909,2963,3016,3070,3124,3178,3232,3306,3385,3458,3532,3603,3675,3747,3820,3877,3935,4008,4082,4156,4231,4303,4376,4446,4517,4577,4638,4707,4776,4846,4920,4996,5060,5137,5213,5290,5355,5424,5501,5576,5645,5713,5790,5856,5917,6014,6079,6148,6247,6318,6377,6435,6492,6551,6615,6686,6758,6830,6902,6974,7041,7109,7177,7236,7299,7363,7453,7544,7604,7670,7737,7803,7873,7937,7990,8057,8118,8185,8298,8356,8419,8484,8549,8624,8697,8769,8818,8879,8940,9001,9063,9127,9191,9255,9320,9383,9443,9504,9570,9629,9689,9751,9822,9882,9950,10036,10123,10213,10300,10388,10470,10553,10643,10734,10786,10844,10889,10955,11019,11076,11133,11187,11244,11292,11341,11392,11426,11473,11522,11568,11600,11664,11726,11786,11843,11917,11987,12065,12119,12189,12274,12322,12368,12429,12492,12558,12622,12693,12756,12821,12885,12946,13007,13059,13132,13206,13275,13350,13424,13498,13639,13709,13762,13840,13930,14018,14114,14204,14786,14875,15122,15403,15655,15940,16333,16810,17032,17254,17530,17757,17987,18217,18447,18677,18904,19323,19549,19974,20204,20632,20851,21134,21342,21473,21700,22126,22351,22778,22999,23424,23544,23820,24121,24445,24736,25050,25187,25318,25423,25665,25832,26036,26244,26515,26627,26739,26844,26961,27175,27321,27461,27547,27895,27983,28229,28647,28896,28978,29076,29693,29793,30045,30469,30724,30818,30907,31144,33196,33438,33540,33793,35977,47101,48617,59840,61368,63125,63751,64171,65232,66497,66753,66989,67536,68030,68635,68833,69413,69977,70352,70470,71008,71165,71361,71634,71890,72060,72201,72265,72630,72997,73673,73937,74275,74628,74722,74908,75214,75476,75601,75728,75967,76178,76297,76490,76667,77122,77303,77425,77684,77797,77984,78086,78193,78322,78597,79105,79601,80478,80772,81342,81491,82223,82395,82479,82815,82907,83185,88594,94146,94208,94838,95452,95543,95656,95885,96045,96197,96368,96534,96703,96870,97033,97276,97446,97619,97790,98064,98263,98468,98798,98882,98978,99074,99172,99272,99374,99476,99578,99680,99782,99882,99978,100090,100219,100342,100473,100604,100702,100816,100910,101050,101184,101280,101392,101492,101608,101704,101816,101916,102056,102192,102356,102486,102644,102794,102935,103079,103214,103326,103476,103604,103732,103868,104000,104130,104260,104372,104512,104658,104802,104940,105006,105096,105172,105276,105366,105468,105576,105684,105784,105864,105956,106054,106164,106242,106348,106440,106544,106654,106776,106939,107096,107176,107276,107366,107476,107566,107807,107901,108007,108099,108199,108311,108425,108541,108657,108751,108865,108977,109079,109199,109321,109403,109507,109627,109753,109851,109945,110033,110145,110261,110383,110495,110670,110786,110872,110964,111076,111200,111267,111393,111461,111589,111733,111861,111930,112025,112140,112253,112352,112461,112572,112683,112784,112889,112989,113119,113210,113333,113427,113539,113625,113729,113825,113913,114031,114135,114239,114365,114453,114561,114661,114751,114861,114945,115047,115131,115185,115249,115355,115441,115551,115635,115755,120899,121017,121132,121264,121979,122671,123188,124787,126320,126708,131443,151705,151965,153475,154508,156521,156783,157139,157969,164751,165885,166179,166402,166729,168779,169427,173278,174480,178559,179774,181183",
                        "endLines": "2,3,4,5,6,7,8,9,10,11,12,13,14,15,16,17,18,19,20,21,22,23,24,25,26,27,28,29,30,31,32,33,34,35,36,37,38,39,40,41,42,43,44,45,46,47,48,49,50,51,52,53,54,55,56,57,58,59,60,61,62,63,64,65,66,67,68,69,70,71,72,73,74,75,76,77,78,79,80,81,82,83,84,85,86,87,88,89,90,91,92,93,94,95,96,97,98,99,100,101,102,103,104,105,106,107,108,109,110,111,112,113,114,115,116,117,118,119,120,121,122,123,124,125,126,127,128,129,130,131,132,133,134,135,136,137,138,139,140,141,142,143,144,145,146,147,148,149,150,151,152,153,154,155,156,157,158,159,160,161,162,163,164,165,166,167,168,169,170,171,172,173,174,175,176,177,178,179,180,181,182,183,184,185,186,187,188,189,190,191,192,193,194,195,196,197,198,199,200,201,202,203,204,205,206,207,208,209,217,218,222,226,230,235,241,248,252,256,261,265,269,273,277,281,285,291,295,301,305,311,315,320,324,327,331,337,341,347,351,357,360,364,368,372,376,380,381,382,383,386,389,392,395,399,400,401,402,403,406,408,410,412,417,418,422,428,432,433,435,446,447,451,457,461,462,463,467,494,498,499,503,531,702,728,900,926,957,965,971,985,1007,1012,1017,1027,1036,1045,1049,1056,1064,1071,1072,1081,1084,1087,1091,1095,1099,1102,1103,1108,1113,1123,1128,1135,1141,1142,1145,1149,1154,1156,1158,1161,1164,1166,1170,1173,1180,1183,1186,1190,1192,1196,1198,1200,1202,1206,1214,1222,1234,1240,1249,1252,1263,1266,1267,1272,1273,1278,1347,1417,1418,1428,1437,1438,1440,1444,1447,1450,1453,1456,1459,1462,1465,1469,1472,1475,1478,1482,1485,1489,1493,1494,1495,1496,1497,1498,1499,1500,1501,1502,1503,1504,1505,1506,1507,1508,1509,1510,1511,1512,1513,1515,1517,1518,1519,1520,1521,1522,1523,1524,1526,1527,1529,1530,1532,1534,1535,1537,1538,1539,1540,1541,1542,1544,1545,1546,1547,1548,1549,1551,1553,1555,1556,1557,1558,1559,1560,1561,1562,1563,1564,1565,1566,1567,1569,1570,1571,1572,1573,1574,1576,1580,1584,1585,1586,1587,1588,1589,1593,1594,1595,1596,1598,1600,1602,1604,1606,1607,1608,1609,1611,1613,1615,1616,1617,1618,1619,1620,1621,1622,1623,1624,1625,1626,1629,1630,1631,1632,1634,1636,1637,1639,1640,1642,1644,1646,1647,1648,1649,1650,1651,1652,1653,1654,1655,1656,1657,1659,1660,1661,1662,1664,1665,1666,1667,1668,1670,1672,1674,1676,1677,1678,1679,1680,1681,1682,1683,1684,1685,1686,1687,1688,1689,1690,1691,1774,1777,1780,1783,1797,1808,1818,1848,1875,1884,1959,2356,2361,2389,2407,2443,2449,2455,2478,2619,2639,2645,2649,2655,2692,2704,2770,2794,2863,2882,2908,2917",
                        "endColumns": "54,44,48,40,54,58,61,80,60,74,75,76,77,84,81,75,75,76,77,105,105,78,79,56,57,73,74,64,65,59,60,71,72,66,67,58,58,58,58,58,53,53,52,53,53,53,53,73,78,72,73,70,71,71,72,56,57,72,73,73,74,71,72,69,70,59,60,68,68,69,73,75,63,76,75,76,64,68,76,74,68,67,76,65,60,96,64,68,98,70,58,57,56,58,63,70,71,71,71,71,66,67,67,58,62,63,89,90,59,65,66,65,69,63,52,66,60,66,112,57,62,64,64,74,72,71,48,60,60,60,61,63,63,63,64,62,59,60,65,58,59,61,70,59,67,85,86,89,86,87,81,82,89,90,51,57,44,65,63,56,56,53,56,47,48,50,33,46,48,45,31,63,61,59,56,73,69,77,53,69,84,47,45,60,62,65,63,70,62,64,63,60,60,51,72,73,68,74,73,73,140,69,52,77,89,87,95,89,12,88,12,12,12,12,12,12,12,12,12,12,12,12,12,12,12,12,12,12,12,12,12,12,12,12,12,12,12,12,12,12,12,12,12,12,12,12,136,130,104,12,12,12,12,12,111,111,104,116,12,12,12,12,12,87,12,12,12,81,12,12,99,12,12,12,93,88,12,12,12,101,12,12,12,12,12,12,12,12,12,12,12,12,12,12,12,12,12,12,12,12,117,12,12,12,12,12,12,12,63,12,12,12,12,12,12,93,12,12,12,12,12,12,12,12,12,12,12,12,12,12,12,12,12,12,12,12,12,12,12,12,12,12,12,12,83,12,91,12,12,12,61,12,12,90,12,12,12,12,12,12,12,12,12,12,12,12,12,12,12,12,12,83,95,95,97,99,101,101,101,101,101,99,95,111,128,122,130,130,97,113,93,12,12,95,111,99,115,95,111,99,12,135,12,129,12,12,140,12,134,111,149,127,127,12,131,129,129,111,139,12,12,12,65,89,75,103,89,101,107,107,99,79,91,97,12,77,105,91,103,109,12,12,12,79,99,89,109,89,12,93,105,91,12,12,12,12,12,93,113,111,12,12,12,81,103,119,125,97,93,87,111,115,121,111,12,115,85,91,12,12,66,12,67,12,12,12,68,94,114,112,98,108,110,110,100,104,99,12,90,122,93,12,85,103,95,87,12,12,12,12,87,107,99,89,109,83,101,83,53,63,105,85,109,83,119,24,24,24,24,24,24,24,24,24,24,24,24,24,24,24,24,24,24,24,24,24,24,24,24,24,24,24,24,24,24,24,24",
                        "endOffsets": "155,200,249,290,345,404,466,547,608,683,759,836,914,999,1081,1157,1233,1310,1388,1494,1600,1679,1759,1816,1874,1948,2023,2088,2154,2214,2275,2347,2420,2487,2555,2614,2673,2732,2791,2850,2904,2958,3011,3065,3119,3173,3227,3301,3380,3453,3527,3598,3670,3742,3815,3872,3930,4003,4077,4151,4226,4298,4371,4441,4512,4572,4633,4702,4771,4841,4915,4991,5055,5132,5208,5285,5350,5419,5496,5571,5640,5708,5785,5851,5912,6009,6074,6143,6242,6313,6372,6430,6487,6546,6610,6681,6753,6825,6897,6969,7036,7104,7172,7231,7294,7358,7448,7539,7599,7665,7732,7798,7868,7932,7985,8052,8113,8180,8293,8351,8414,8479,8544,8619,8692,8764,8813,8874,8935,8996,9058,9122,9186,9250,9315,9378,9438,9499,9565,9624,9684,9746,9817,9877,9945,10031,10118,10208,10295,10383,10465,10548,10638,10729,10781,10839,10884,10950,11014,11071,11128,11182,11239,11287,11336,11387,11421,11468,11517,11563,11595,11659,11721,11781,11838,11912,11982,12060,12114,12184,12269,12317,12363,12424,12487,12553,12617,12688,12751,12816,12880,12941,13002,13054,13127,13201,13270,13345,13419,13493,13634,13704,13757,13835,13925,14013,14109,14199,14781,14870,15117,15398,15650,15935,16328,16805,17027,17249,17525,17752,17982,18212,18442,18672,18899,19318,19544,19969,20199,20627,20846,21129,21337,21468,21695,22121,22346,22773,22994,23419,23539,23815,24116,24440,24731,25045,25182,25313,25418,25660,25827,26031,26239,26510,26622,26734,26839,26956,27170,27316,27456,27542,27890,27978,28224,28642,28891,28973,29071,29688,29788,30040,30464,30719,30813,30902,31139,33191,33433,33535,33788,35972,47096,48612,59835,61363,63120,63746,64166,65227,66492,66748,66984,67531,68025,68630,68828,69408,69972,70347,70465,71003,71160,71356,71629,71885,72055,72196,72260,72625,72992,73668,73932,74270,74623,74717,74903,75209,75471,75596,75723,75962,76173,76292,76485,76662,77117,77298,77420,77679,77792,77979,78081,78188,78317,78592,79100,79596,80473,80767,81337,81486,82218,82390,82474,82810,82902,83180,88589,94141,94203,94833,95447,95538,95651,95880,96040,96192,96363,96529,96698,96865,97028,97271,97441,97614,97785,98059,98258,98463,98793,98877,98973,99069,99167,99267,99369,99471,99573,99675,99777,99877,99973,100085,100214,100337,100468,100599,100697,100811,100905,101045,101179,101275,101387,101487,101603,101699,101811,101911,102051,102187,102351,102481,102639,102789,102930,103074,103209,103321,103471,103599,103727,103863,103995,104125,104255,104367,104507,104653,104797,104935,105001,105091,105167,105271,105361,105463,105571,105679,105779,105859,105951,106049,106159,106237,106343,106435,106539,106649,106771,106934,107091,107171,107271,107361,107471,107561,107802,107896,108002,108094,108194,108306,108420,108536,108652,108746,108860,108972,109074,109194,109316,109398,109502,109622,109748,109846,109940,110028,110140,110256,110378,110490,110665,110781,110867,110959,111071,111195,111262,111388,111456,111584,111728,111856,111925,112020,112135,112248,112347,112456,112567,112678,112779,112884,112984,113114,113205,113328,113422,113534,113620,113724,113820,113908,114026,114130,114234,114360,114448,114556,114656,114746,114856,114940,115042,115126,115180,115244,115350,115436,115546,115630,115750,120894,121012,121127,121259,121974,122666,123183,124782,126315,126703,131438,151700,151960,153470,154503,156516,156778,157134,157964,164746,165880,166174,166397,166724,168774,169422,173273,174475,178554,179769,181178,181652"
                    },
                    "to": {
                        "startLines": "38,48,50,210,215,216,217,219,220,221,222,223,224,225,226,227,228,232,233,234,235,236,237,238,239,298,299,300,301,304,305,307,308,310,311,312,313,314,315,316,317,318,319,320,321,322,323,336,337,338,339,340,341,342,343,345,346,347,348,349,350,352,353,354,355,356,357,364,365,366,367,368,369,370,371,372,373,374,375,376,377,378,379,380,381,382,383,384,385,386,387,388,389,390,391,392,393,394,395,396,397,398,399,400,401,402,403,404,405,406,407,408,409,410,411,412,413,414,415,416,417,418,419,420,421,422,423,424,425,426,427,428,429,430,431,432,433,434,435,436,437,438,439,440,441,510,511,537,538,539,540,541,542,543,752,753,754,755,756,757,758,759,795,796,797,798,801,809,810,816,839,841,842,845,846,880,881,882,883,884,885,886,887,888,889,890,891,892,893,894,895,896,897,898,899,900,901,902,903,904,905,906,978,980,981,985,986,987,1017,1025,1026,1030,1034,1045,1050,1078,1085,1089,1093,1098,1102,1106,1110,1114,1118,1122,1128,1132,1138,1142,1148,1152,1157,1161,1164,1168,1174,1178,1184,1188,1194,1197,1201,1205,1209,1213,1217,1218,1219,1220,1223,1226,1229,1232,1236,1237,1238,1239,1277,1280,1282,1284,1286,1291,1292,1296,1302,1306,1307,1309,1320,1321,1325,1331,1335,1390,1391,1395,1422,1426,1427,1431,1985,2156,2182,2354,2380,2411,2419,2425,2439,2461,2466,2471,2481,2490,2499,2503,2510,2518,2525,2526,2535,2538,2541,2545,2549,2553,2556,2557,2562,2567,2577,2582,2589,2595,2596,2599,2603,2608,2610,2612,2615,2618,2620,2624,2627,2634,2637,2640,2644,2646,2650,2652,2654,2656,2660,2668,2676,2688,2694,2703,2706,2717,2720,2721,2726,2727,2940,3009,3083,3084,3094,3103,3104,3106,3110,3113,3116,3119,3122,3125,3128,3131,3135,3138,3141,3144,3148,3151,3155,3275,3276,3277,3278,3279,3280,3281,3282,3283,3284,3285,3286,3287,3288,3289,3290,3291,3292,3293,3294,3295,3297,3299,3300,3301,3302,3303,3304,3305,3306,3308,3309,3311,3312,3314,3316,3317,3319,3320,3321,3322,3323,3324,3326,3327,3328,3329,3330,3459,3461,3463,3465,3466,3467,3468,3469,3470,3471,3472,3473,3474,3475,3476,3477,3479,3480,3481,3482,3483,3484,3486,3490,3613,3614,3615,3616,3617,3618,3622,3623,3624,3778,3780,3782,3784,3786,3788,3789,3790,3791,3793,3795,3797,3798,3799,3800,3801,3802,3803,3804,3805,3806,3807,3808,3811,3812,3813,3814,3816,3818,3819,3821,3822,3824,3826,3828,3829,3830,3831,3832,3833,3834,3835,3836,3837,3838,3839,3841,3842,3843,3844,3846,3847,3848,3849,3850,3852,3854,3856,3858,3859,3860,3861,3862,3863,3864,3865,3866,3867,3868,3869,3870,3871,3872,4583,4666,4669,4672,4675,4689,4700,4831,4861,4888,4897,4972,5546,5830,5960,6185,6221,6227,6400,6423,6564,6632,6638,6642,6684,6837,6881,7047,7332,7410,7429,7458",
                        "startColumns": "4,4,4,4,4,4,4,4,4,4,4,4,4,4,4,4,4,4,4,4,4,4,4,4,4,4,4,4,4,4,4,4,4,4,4,4,4,4,4,4,4,4,4,4,4,4,4,4,4,4,4,4,4,4,4,4,4,4,4,4,4,4,4,4,4,4,4,4,4,4,4,4,4,4,4,4,4,4,4,4,4,4,4,4,4,4,4,4,4,4,4,4,4,4,4,4,4,4,4,4,4,4,4,4,4,4,4,4,4,4,4,4,4,4,4,4,4,4,4,4,4,4,4,4,4,4,4,4,4,4,4,4,4,4,4,4,4,4,4,4,4,4,4,4,4,4,4,4,4,4,4,4,4,4,4,4,4,4,4,4,4,4,4,4,4,4,4,4,4,4,4,4,4,4,4,4,4,4,4,4,4,4,4,4,4,4,4,4,4,4,4,4,4,4,4,4,4,4,4,4,4,4,4,4,4,4,4,4,4,4,4,4,4,4,4,4,4,4,4,4,4,4,4,4,4,4,4,4,4,4,4,4,4,4,4,4,4,4,4,4,4,4,4,4,4,4,4,4,4,4,4,4,4,4,4,4,4,4,4,4,4,4,4,4,4,4,4,4,4,4,4,4,4,4,4,4,4,4,4,4,4,4,4,4,4,4,4,4,4,4,4,4,4,4,4,4,4,4,4,4,4,4,4,4,4,4,4,4,4,4,4,4,4,4,4,4,4,4,4,4,4,4,4,4,4,4,4,4,4,4,4,4,4,4,4,4,4,4,4,4,4,4,4,4,4,4,4,4,4,4,4,4,4,4,4,4,4,4,4,4,4,4,4,4,4,4,4,4,4,4,4,4,4,4,4,4,4,4,4,4,4,4,4,4,4,4,4,4,4,4,4,4,4,4,4,4,4,4,4,4,4,4,4,4,4,4,4,4,4,4,4,4,4,4,4,4,4,4,4,4,4,4,4,4,4,4,4,4,4,4,4,4,4,4,4,4,4,4,4,4,4,4,4,4,4,4,4,4,4,4,4,4,4,4,4,4,4,4,4,4,4,4,4,4,4,4,4,4,4,4,4,4,4,4,4,4,4,4,4,4,4,4,4,4,4,4,4,4,4,4,4,4,4,4,4,4,4,4,4,4,4,4,4,4,4,4,4,4,4,4,4,4,4,4,4,4,4,4,4,4,4,4,4,4,4,4,4,4,4,4,4,4,4,4,4,4,4,4,4,4,4,4,4,4,4,4,4,4,4,4,4,4,4,4,4,4,4",
                        "startOffsets": "1917,2412,2510,10697,10957,11012,11071,11195,11276,11337,11412,11488,11565,11643,11728,11810,11886,12080,12157,12235,12341,12447,12526,12606,12663,16239,16313,16388,16453,16597,16657,16756,16828,16948,17015,17083,17142,17201,17260,17319,17378,17432,17486,17539,17593,17647,17701,18532,18606,18685,18758,18832,18903,18975,19047,19158,19215,19273,19346,19420,19494,19615,19687,19760,19830,19901,19961,20281,20350,20419,20489,20563,20639,20703,20780,20856,20933,20998,21067,21144,21219,21288,21356,21433,21499,21560,21657,21722,21791,21890,21961,22020,22078,22135,22194,22258,22329,22401,22473,22545,22617,22684,22752,22820,22879,22942,23006,23096,23187,23247,23313,23380,23446,23516,23580,23633,23700,23761,23828,23941,23999,24062,24127,24192,24267,24340,24412,24461,24522,24583,24644,24706,24770,24834,24898,24963,25026,25086,25147,25213,25272,25332,25394,25465,25525,29867,29953,31272,31362,31449,31537,31619,31702,31792,45204,45256,45314,45359,45425,45489,45546,45603,47780,47837,47885,47934,48072,48461,48508,48790,49958,50038,50102,50292,50352,52363,52437,52507,52585,52639,52709,52794,52842,52888,52949,53012,53078,53142,53213,53276,53341,53405,53466,53527,53579,53652,53726,53795,53870,53944,54018,54159,63973,64097,64175,64399,64487,64583,66307,66889,66978,67225,67506,68172,68457,70205,70682,70904,71126,71402,71629,71859,72089,72319,72549,72776,73195,73421,73846,74076,74504,74723,75006,75214,75345,75572,75998,76223,76650,76871,77296,77416,77692,77993,78317,78608,78922,79059,79190,79295,79537,79704,79908,80116,80387,80499,80611,80716,82773,82987,83133,83273,83359,83707,83795,84041,84459,84708,84790,84888,85505,85605,85857,86281,86536,90592,90681,90918,92970,93212,93314,93567,131604,142728,144244,155467,156995,158752,159378,159798,160859,162124,162380,162616,163163,163657,164262,164460,165040,165604,165979,166097,166635,166792,166988,167261,167517,167687,167828,167892,168257,168624,169300,169564,169902,170255,170349,170535,170841,171103,171228,171355,171594,171805,171924,172117,172294,172749,172930,173052,173311,173424,173611,173713,173820,173949,174224,174732,175228,176105,176399,176969,177118,177850,178022,178106,178442,178534,191443,196852,202748,202810,203440,204054,204145,204258,204487,204647,204799,204970,205136,205305,205472,205635,205878,206048,206221,206392,206666,206865,207070,213939,214023,214119,214215,214313,214413,214515,214617,214719,214821,214923,215023,215119,215231,215360,215483,215614,215745,215843,215957,216051,216191,216325,216421,216533,216633,216749,216845,216957,217057,217197,217333,217497,217627,217785,217935,218076,218220,218355,218467,218617,218745,218873,219009,219141,219271,219401,219513,227177,227323,227467,227605,227671,227761,227837,227941,228031,228133,228241,228349,228449,228529,228621,228719,228829,228907,229013,229105,229209,229319,229441,229604,239029,239109,239209,239299,239409,239499,239740,239834,239940,250714,250814,250926,251040,251156,251272,251366,251480,251592,251694,251814,251936,252018,252122,252242,252368,252466,252560,252648,252760,252876,252998,253110,253285,253401,253487,253579,253691,253815,253882,254008,254076,254204,254348,254476,254545,254640,254755,254868,254967,255076,255187,255298,255399,255504,255604,255734,255825,255948,256042,256154,256240,256344,256440,256528,256646,256750,256854,256980,257068,257176,257276,257366,257476,257560,257662,257746,257800,257864,257970,258056,258166,258250,302210,307354,307472,307587,307719,308434,309126,316655,318254,319787,320175,324910,355368,370700,384001,396800,398813,399075,407723,408553,415335,419690,419984,420207,422432,430282,432833,442063,458128,462541,463756,465275",
                        "endLines": "38,48,50,210,215,216,217,219,220,221,222,223,224,225,226,227,228,232,233,234,235,236,237,238,239,298,299,300,301,304,305,307,308,310,311,312,313,314,315,316,317,318,319,320,321,322,323,336,337,338,339,340,341,342,343,345,346,347,348,349,350,352,353,354,355,356,357,364,365,366,367,368,369,370,371,372,373,374,375,376,377,378,379,380,381,382,383,384,385,386,387,388,389,390,391,392,393,394,395,396,397,398,399,400,401,402,403,404,405,406,407,408,409,410,411,412,413,414,415,416,417,418,419,420,421,422,423,424,425,426,427,428,429,430,431,432,433,434,435,436,437,438,439,440,441,510,511,537,538,539,540,541,542,543,752,753,754,755,756,757,758,759,795,796,797,798,801,809,810,816,839,841,842,845,846,880,881,882,883,884,885,886,887,888,889,890,891,892,893,894,895,896,897,898,899,900,901,902,903,904,905,906,978,980,981,985,986,987,1024,1025,1029,1033,1037,1049,1055,1084,1088,1092,1097,1101,1105,1109,1113,1117,1121,1127,1131,1137,1141,1147,1151,1156,1160,1163,1167,1173,1177,1183,1187,1193,1196,1200,1204,1208,1212,1216,1217,1218,1219,1222,1225,1228,1231,1235,1236,1237,1238,1239,1279,1281,1283,1285,1290,1291,1295,1301,1305,1306,1308,1319,1320,1324,1330,1334,1335,1390,1394,1421,1425,1426,1430,1458,2155,2181,2353,2379,2410,2418,2424,2438,2460,2465,2470,2480,2489,2498,2502,2509,2517,2524,2525,2534,2537,2540,2544,2548,2552,2555,2556,2561,2566,2576,2581,2588,2594,2595,2598,2602,2607,2609,2611,2614,2617,2619,2623,2626,2633,2636,2639,2643,2645,2649,2651,2653,2655,2659,2667,2675,2687,2693,2702,2705,2716,2719,2720,2725,2726,2731,3008,3078,3083,3093,3102,3103,3105,3109,3112,3115,3118,3121,3124,3127,3130,3134,3137,3140,3143,3147,3150,3154,3158,3275,3276,3277,3278,3279,3280,3281,3282,3283,3284,3285,3286,3287,3288,3289,3290,3291,3292,3293,3294,3296,3298,3299,3300,3301,3302,3303,3304,3305,3307,3308,3310,3311,3313,3315,3316,3318,3319,3320,3321,3322,3323,3325,3326,3327,3328,3329,3330,3460,3462,3464,3465,3466,3467,3468,3469,3470,3471,3472,3473,3474,3475,3476,3478,3479,3480,3481,3482,3483,3485,3489,3493,3613,3614,3615,3616,3617,3621,3622,3623,3624,3779,3781,3783,3785,3787,3788,3789,3790,3792,3794,3796,3797,3798,3799,3800,3801,3802,3803,3804,3805,3806,3807,3810,3811,3812,3813,3815,3817,3818,3820,3821,3823,3825,3827,3828,3829,3830,3831,3832,3833,3834,3835,3836,3837,3838,3840,3841,3842,3843,3845,3846,3847,3848,3849,3851,3853,3855,3857,3858,3859,3860,3861,3862,3863,3864,3865,3866,3867,3868,3869,3870,3871,3872,4665,4668,4671,4674,4688,4699,4709,4860,4887,4896,4971,5368,5550,5857,5977,6220,6226,6232,6422,6563,6583,6637,6641,6647,6720,6848,6946,7070,7400,7428,7454,7466",
                        "endColumns": "54,44,48,40,54,58,61,80,60,74,75,76,77,84,81,75,75,76,77,105,105,78,79,56,57,73,74,64,65,59,60,71,72,66,67,58,58,58,58,58,53,53,52,53,53,53,53,73,78,72,73,70,71,71,72,56,57,72,73,73,74,71,72,69,70,59,60,68,68,69,73,75,63,76,75,76,64,68,76,74,68,67,76,65,60,96,64,68,98,70,58,57,56,58,63,70,71,71,71,71,66,67,67,58,62,63,89,90,59,65,66,65,69,63,52,66,60,66,112,57,62,64,64,74,72,71,48,60,60,60,61,63,63,63,64,62,59,60,65,58,59,61,70,59,67,85,86,89,86,87,81,82,89,90,51,57,44,65,63,56,56,53,56,47,48,50,33,46,48,45,31,63,61,59,56,73,69,77,53,69,84,47,45,60,62,65,63,70,62,64,63,60,60,51,72,73,68,74,73,73,140,69,52,77,89,87,95,89,12,88,12,12,12,12,12,12,12,12,12,12,12,12,12,12,12,12,12,12,12,12,12,12,12,12,12,12,12,12,12,12,12,12,12,12,12,12,136,130,104,12,12,12,12,12,111,111,104,116,12,12,12,12,12,87,12,12,12,81,12,12,99,12,12,12,93,88,12,12,12,101,12,12,12,12,12,12,12,12,12,12,12,12,12,12,12,12,12,12,12,12,117,12,12,12,12,12,12,12,63,12,12,12,12,12,12,93,12,12,12,12,12,12,12,12,12,12,12,12,12,12,12,12,12,12,12,12,12,12,12,12,12,12,12,12,83,12,91,12,12,12,61,12,12,90,12,12,12,12,12,12,12,12,12,12,12,12,12,12,12,12,12,83,95,95,97,99,101,101,101,101,101,99,95,111,128,122,130,130,97,113,93,12,12,95,111,99,115,95,111,99,12,135,12,129,12,12,140,12,134,111,149,127,127,12,131,129,129,111,139,12,12,12,65,89,75,103,89,101,107,107,99,79,91,97,12,77,105,91,103,109,12,12,12,79,99,89,109,89,12,93,105,91,12,12,12,12,12,93,113,111,12,12,12,81,103,119,125,97,93,87,111,115,121,111,12,115,85,91,12,12,66,12,67,12,12,12,68,94,114,112,98,108,110,110,100,104,99,12,90,122,93,12,85,103,95,87,12,12,12,12,87,107,99,89,109,83,101,83,53,63,105,85,109,83,119,24,24,24,24,24,24,24,24,24,24,24,24,24,24,24,24,24,24,24,24,24,24,24,24,24,24,24,24,24,24,24,24",
                        "endOffsets": "1967,2452,2554,10733,11007,11066,11128,11271,11332,11407,11483,11560,11638,11723,11805,11881,11957,12152,12230,12336,12442,12521,12601,12658,12716,16308,16383,16448,16514,16652,16713,16823,16896,17010,17078,17137,17196,17255,17314,17373,17427,17481,17534,17588,17642,17696,17750,18601,18680,18753,18827,18898,18970,19042,19115,19210,19268,19341,19415,19489,19564,19682,19755,19825,19896,19956,20017,20345,20414,20484,20558,20634,20698,20775,20851,20928,20993,21062,21139,21214,21283,21351,21428,21494,21555,21652,21717,21786,21885,21956,22015,22073,22130,22189,22253,22324,22396,22468,22540,22612,22679,22747,22815,22874,22937,23001,23091,23182,23242,23308,23375,23441,23511,23575,23628,23695,23756,23823,23936,23994,24057,24122,24187,24262,24335,24407,24456,24517,24578,24639,24701,24765,24829,24893,24958,25021,25081,25142,25208,25267,25327,25389,25460,25520,25588,29948,30035,31357,31444,31532,31614,31697,31787,31878,45251,45309,45354,45420,45484,45541,45598,45652,47832,47880,47929,47980,48101,48503,48552,48831,49985,50097,50159,50347,50404,52432,52502,52580,52634,52704,52789,52837,52883,52944,53007,53073,53137,53208,53271,53336,53400,53461,53522,53574,53647,53721,53790,53865,53939,54013,54154,54224,64021,64170,64260,64482,64578,64668,66884,66973,67220,67501,67753,68452,68845,70677,70899,71121,71397,71624,71854,72084,72314,72544,72771,73190,73416,73841,74071,74499,74718,75001,75209,75340,75567,75993,76218,76645,76866,77291,77411,77687,77988,78312,78603,78917,79054,79185,79290,79532,79699,79903,80111,80382,80494,80606,80711,80828,82982,83128,83268,83354,83702,83790,84036,84454,84703,84785,84883,85500,85600,85852,86276,86531,86625,90676,90913,92965,93207,93309,93562,95746,142723,144239,155462,156990,158747,159373,159793,160854,162119,162375,162611,163158,163652,164257,164455,165035,165599,165974,166092,166630,166787,166983,167256,167512,167682,167823,167887,168252,168619,169295,169559,169897,170250,170344,170530,170836,171098,171223,171350,171589,171800,171919,172112,172289,172744,172925,173047,173306,173419,173606,173708,173815,173944,174219,174727,175223,176100,176394,176964,177113,177845,178017,178101,178437,178529,178807,196847,202399,202805,203435,204049,204140,204253,204482,204642,204794,204965,205131,205300,205467,205630,205873,206043,206216,206387,206661,206860,207065,207395,214018,214114,214210,214308,214408,214510,214612,214714,214816,214918,215018,215114,215226,215355,215478,215609,215740,215838,215952,216046,216186,216320,216416,216528,216628,216744,216840,216952,217052,217192,217328,217492,217622,217780,217930,218071,218215,218350,218462,218612,218740,218868,219004,219136,219266,219396,219508,219648,227318,227462,227600,227666,227756,227832,227936,228026,228128,228236,228344,228444,228524,228616,228714,228824,228902,229008,229100,229204,229314,229436,229599,229756,239104,239204,239294,239404,239494,239735,239829,239935,240027,250809,250921,251035,251151,251267,251361,251475,251587,251689,251809,251931,252013,252117,252237,252363,252461,252555,252643,252755,252871,252993,253105,253280,253396,253482,253574,253686,253810,253877,254003,254071,254199,254343,254471,254540,254635,254750,254863,254962,255071,255182,255293,255394,255499,255599,255729,255820,255943,256037,256149,256235,256339,256435,256523,256641,256745,256849,256975,257063,257171,257271,257361,257471,257555,257657,257741,257795,257859,257965,258051,258161,258245,258365,307349,307467,307582,307714,308429,309121,309638,318249,319782,320170,324905,345167,355623,372205,385029,398808,399070,399426,408548,415330,416464,419979,420202,420529,424477,430925,436679,443260,462202,463751,465160,465744"
                    }
                },
                {
                    "source": "C:\\Users\\DC-big-old\\.gradle\\caches\\transforms-2\\files-2.1\\ad9c601da253ae854e00149283061ba1\\jetified-bottom-navigation-bar-2.2.0\\res\\values\\values.xml",
                    "from": {
                        "startLines": "2,3,4,5,6,7,8,9,10,11,12,13,15,17,19,21,22,23,24,25,26,27,28,29,30,31,32,33,34,35,37,39,41,42,43,44,45,46,47,48,49,50,51,52,53,54,55,66",
                        "startColumns": "4,4,4,4,4,4,4,4,4,4,4,4,4,4,4,4,4,4,4,4,4,4,4,4,4,4,4,4,4,4,4,4,4,4,4,4,4,4,4,4,4,4,4,4,4,4,4,4",
                        "startOffsets": "55,106,157,204,251,301,359,415,478,549,593,652,719,788,853,917,964,1014,1109,1161,1209,1257,1317,1385,1452,1510,1567,1618,1665,1734,1810,1880,1953,2016,2078,2128,2174,2232,2291,2348,2407,2478,2548,2609,2669,2729,2767,3458",
                        "endLines": "2,3,4,5,6,7,8,9,10,11,12,14,16,18,20,21,22,23,24,25,26,27,28,29,30,31,32,33,34,36,38,40,41,42,43,44,45,46,47,48,49,50,51,52,53,54,65,85",
                        "endColumns": "50,50,46,46,49,57,55,62,70,43,58,12,12,12,12,46,49,94,51,47,47,59,67,66,57,56,50,46,68,12,12,12,62,61,49,45,57,58,56,58,70,69,60,59,59,37,12,24",
                        "endOffsets": "101,152,199,246,296,354,410,473,544,588,647,714,783,848,912,959,1009,1104,1156,1204,1252,1312,1380,1447,1505,1562,1613,1660,1729,1805,1875,1948,2011,2073,2123,2169,2227,2286,2343,2402,2473,2543,2604,2664,2724,2762,3453,4450"
                    },
                    "to": {
                        "startLines": "444,445,446,447,448,449,450,451,452,515,516,517,519,521,523,525,526,527,528,529,530,531,532,533,534,535,536,730,731,732,734,736,738,739,740,741,742,743,744,745,746,747,748,749,750,935,1006,5423",
                        "startColumns": "4,4,4,4,4,4,4,4,4,4,4,4,4,4,4,4,4,4,4,4,4,4,4,4,4,4,4,4,4,4,4,4,4,4,4,4,4,4,4,4,4,4,4,4,4,4,4,4",
                        "startOffsets": "25705,25756,25807,25854,25901,25951,26009,26065,26128,30203,30247,30306,30373,30442,30507,30571,30618,30668,30763,30815,30863,30911,30971,31039,31106,31164,31221,44028,44075,44144,44220,44290,44363,44426,44488,44538,44584,44642,44701,44758,44817,44888,44958,45019,45079,56589,65616,347938",
                        "endLines": "444,445,446,447,448,449,450,451,452,515,516,518,520,522,524,525,526,527,528,529,530,531,532,533,534,535,536,730,731,733,735,737,738,739,740,741,742,743,744,745,746,747,748,749,750,935,1016,5442",
                        "endColumns": "50,50,46,46,49,57,55,62,70,43,58,12,12,12,12,46,49,94,51,47,47,59,67,66,57,56,50,46,68,12,12,12,62,61,49,45,57,58,56,58,70,69,60,59,59,37,12,24",
                        "endOffsets": "25751,25802,25849,25896,25946,26004,26060,26123,26194,30242,30301,30368,30437,30502,30566,30613,30663,30758,30810,30858,30906,30966,31034,31101,31159,31216,31267,44070,44139,44215,44285,44358,44421,44483,44533,44579,44637,44696,44753,44812,44883,44953,45014,45074,45134,56622,66302,348930"
                    }
                },
                {
                    "source": "E:\\sufe_plazaapp\\app\\src\\main\\res\\values\\styles.xml",
                    "from": {
                        "startLines": "3",
                        "startColumns": "4",
                        "startOffsets": "57",
                        "endLines": "12",
                        "endColumns": "12",
                        "endOffsets": "442"
                    },
                    "to": {
                        "startLines": "996",
                        "startColumns": "4",
                        "startOffsets": "65235",
                        "endLines": "1005",
                        "endColumns": "12",
                        "endOffsets": "65611"
                    }
                },
                {
                    "source": "C:\\Users\\DC-big-old\\.gradle\\caches\\transforms-2\\files-2.1\\bf9fe2c920747fc8887d65d599c47d6a\\recyclerview-1.1.0\\res\\values\\values.xml",
                    "from": {
                        "startLines": "2,3,4,5,6,7,8,9,10",
                        "startColumns": "4,4,4,4,4,4,4,4,4",
                        "startOffsets": "55,111,170,218,274,349,425,497,563",
                        "endLines": "2,3,4,5,6,7,8,9,38",
                        "endColumns": "55,58,47,55,74,75,71,65,24",
                        "endOffsets": "106,165,213,269,344,420,492,558,2084"
                    },
                    "to": {
                        "startLines": "181,512,513,514,544,545,546,802,6648",
                        "startColumns": "4,4,4,4,4,4,4,4,4",
                        "startOffsets": "9011,30040,30099,30147,31883,31958,32034,48106,420534",
                        "endLines": "181,512,513,514,544,545,546,802,6676",
                        "endColumns": "55,58,47,55,74,75,71,65,24",
                        "endOffsets": "9062,30094,30142,30198,31953,32029,32101,48167,422055"
                    }
                }
            ]
        }
    ]
}