{
    "logs": [
        {
            "outputFile": "E:\\sufe_plazaapp\\app\\build\\intermediates\\incremental\\mergeDebugResources\\merged.dir\\values-nl\\values-nl.xml",
            "map": [
                {
                    "source": "C:\\Users\\DC-big-old\\.gradle\\caches\\transforms-2\\files-2.1\\ccb20ed30836142a5a66c164bb92a0ce\\core-1.2.0\\res\\values-nl\\values-nl.xml",
                    "from": {
                        "startLines": "2",
                        "startColumns": "4",
                        "startOffsets": "55",
                        "endColumns": "100",
                        "endOffsets": "151"
                    },
                    "to": {
                        "startLines": "30",
                        "startColumns": "4",
                        "startOffsets": "2914",
                        "endColumns": "100",
                        "endOffsets": "3010"
                    }
                },
                {
                    "source": "C:\\Users\\DC-big-old\\.gradle\\caches\\transforms-2\\files-2.1\\c2c5fa787d66aaf40578b3071f4d283f\\appcompat-1.1.0\\res\\values-nl\\values-nl.xml",
                    "from": {
                        "startLines": "2,3,4,5,6,7,8,9,10,11,12,13,14,15,16,17,18,19,20,21,22,23,24,25,26,27,28,29",
                        "startColumns": "4,4,4,4,4,4,4,4,4,4,4,4,4,4,4,4,4,4,4,4,4,4,4,4,4,4,4,4",
                        "startOffsets": "105,223,328,435,521,629,749,827,904,996,1089,1184,1278,1379,1473,1569,1664,1756,1848,1929,2040,2143,2242,2357,2471,2574,2729,2832",
                        "endColumns": "117,104,106,85,107,119,77,76,91,92,94,93,100,93,95,94,91,91,80,110,102,98,114,113,102,154,102,81",
                        "endOffsets": "218,323,430,516,624,744,822,899,991,1084,1179,1273,1374,1468,1564,1659,1751,1843,1924,2035,2138,2237,2352,2466,2569,2724,2827,2909"
                    }
                }
            ]
        }
    ]
}