{
    "logs": [
        {
            "outputFile": "E:\\sufe_plazaapp\\app\\build\\intermediates\\incremental\\mergeDebugResources\\merged.dir\\values-h480dp-land-v13\\values-h480dp-land-v13.xml",
            "map": [
                {
                    "source": "C:\\Users\\DC-big-old\\.gradle\\caches\\transforms-2\\files-2.1\\8cd05cce97d79b0b8d0cf511d329dc6e\\material-1.2.0-alpha05\\res\\values-h480dp-land-v13\\values-h480dp-land-v13.xml",
                    "from": {
                        "startLines": "2,3,4,5,6,7,8,9,10",
                        "startColumns": "4,4,4,4,4,4,4,4,4",
                        "startOffsets": "55,114,170,226,293,358,413,478,547",
                        "endColumns": "58,55,55,66,64,54,64,68,68",
                        "endOffsets": "109,165,221,288,353,408,473,542,611"
                    }
                }
            ]
        }
    ]
}