{
    "logs": [
        {
            "outputFile": "E:\\sufe_plazaapp\\app\\build\\intermediates\\incremental\\mergeDebugResources\\merged.dir\\values-te\\values-te.xml",
            "map": [
                {
                    "source": "C:\\Users\\DC-big-old\\.gradle\\caches\\transforms-2\\files-2.1\\ccb20ed30836142a5a66c164bb92a0ce\\core-1.2.0\\res\\values-te\\values-te.xml",
                    "from": {
                        "startLines": "2",
                        "startColumns": "4",
                        "startOffsets": "55",
                        "endColumns": "100",
                        "endOffsets": "151"
                    },
                    "to": {
                        "startLines": "30",
                        "startColumns": "4",
                        "startOffsets": "2925",
                        "endColumns": "100",
                        "endOffsets": "3021"
                    }
                },
                {
                    "source": "C:\\Users\\DC-big-old\\.gradle\\caches\\transforms-2\\files-2.1\\c2c5fa787d66aaf40578b3071f4d283f\\appcompat-1.1.0\\res\\values-te\\values-te.xml",
                    "from": {
                        "startLines": "2,3,4,5,6,7,8,9,10,11,12,13,14,15,16,17,18,19,20,21,22,23,24,25,26,27,28,29",
                        "startColumns": "4,4,4,4,4,4,4,4,4,4,4,4,4,4,4,4,4,4,4,4,4,4,4,4,4,4,4,4",
                        "startOffsets": "105,222,334,445,535,640,759,837,914,1005,1097,1192,1286,1387,1480,1575,1670,1761,1852,1934,2048,2150,2247,2362,2465,2580,2742,2845",
                        "endColumns": "116,111,110,89,104,118,77,76,90,91,94,93,100,92,94,94,90,90,81,113,101,96,114,102,114,161,102,79",
                        "endOffsets": "217,329,440,530,635,754,832,909,1000,1092,1187,1281,1382,1475,1570,1665,1756,1847,1929,2043,2145,2242,2357,2460,2575,2737,2840,2920"
                    }
                }
            ]
        }
    ]
}