{
    "logs": [
        {
            "outputFile": "E:\\sufe_plazaapp\\app\\build\\intermediates\\incremental\\mergeDebugResources\\merged.dir\\values-night-v8\\values-night-v8.xml",
            "map": [
                {
                    "source": "C:\\Users\\DC-big-old\\.gradle\\caches\\transforms-2\\files-2.1\\c2c5fa787d66aaf40578b3071f4d283f\\appcompat-1.1.0\\res\\values-night-v8\\values-night-v8.xml",
                    "from": {
                        "startLines": "2,3,4,5,6,7,8,9",
                        "startColumns": "4,4,4,4,4,4,4,4",
                        "startOffsets": "55,125,209,293,389,491,593,687",
                        "endColumns": "69,83,83,95,101,101,93,88",
                        "endOffsets": "120,204,288,384,486,588,682,771"
                    },
                    "to": {
                        "startLines": "2,3,4,5,6,7,8,25",
                        "startColumns": "4,4,4,4,4,4,4,4",
                        "startOffsets": "55,125,209,293,389,491,593,2549",
                        "endColumns": "69,83,83,95,101,101,93,88",
                        "endOffsets": "120,204,288,384,486,588,682,2633"
                    }
                },
                {
                    "source": "C:\\Users\\DC-big-old\\.gradle\\caches\\transforms-2\\files-2.1\\8cd05cce97d79b0b8d0cf511d329dc6e\\material-1.2.0-alpha05\\res\\values-night-v8\\values-night-v8.xml",
                    "from": {
                        "startLines": "2,3,4,5,6,7,8,9,10,11,12,13,14,15,16,17,18,19,20,21,22,23,24",
                        "startColumns": "4,4,4,4,4,4,4,4,4,4,4,4,4,4,4,4,4,4,4,4,4,4,4",
                        "startOffsets": "55,143,267,369,471,587,689,803,931,1047,1169,1305,1425,1559,1679,1791,1917,2055,2179,2309,2431,2569,2685",
                        "endColumns": "87,123,101,101,115,101,113,127,115,121,135,119,133,119,111,125,137,123,129,121,137,115,119",
                        "endOffsets": "138,262,364,466,582,684,798,926,1042,1164,1300,1420,1554,1674,1786,1912,2050,2174,2304,2426,2564,2680,2800"
                    },
                    "to": {
                        "startLines": "9,10,11,12,13,14,15,16,17,18,19,20,21,22,23,24,26,27,28,29,30,31,32",
                        "startColumns": "4,4,4,4,4,4,4,4,4,4,4,4,4,4,4,4,4,4,4,4,4,4,4",
                        "startOffsets": "687,775,899,1001,1103,1219,1321,1435,1563,1679,1801,1937,2057,2191,2311,2423,2638,2776,2900,3030,3152,3290,3406",
                        "endColumns": "87,123,101,101,115,101,113,127,115,121,135,119,133,119,111,125,137,123,129,121,137,115,119",
                        "endOffsets": "770,894,996,1098,1214,1316,1430,1558,1674,1796,1932,2052,2186,2306,2418,2544,2771,2895,3025,3147,3285,3401,3521"
                    }
                }
            ]
        }
    ]
}