{
    "logs": [
        {
            "outputFile": "E:\\sufe_plazaapp\\app\\build\\intermediates\\incremental\\mergeDebugResources\\merged.dir\\values-hu\\values-hu.xml",
            "map": [
                {
                    "source": "C:\\Users\\DC-big-old\\.gradle\\caches\\transforms-2\\files-2.1\\ccb20ed30836142a5a66c164bb92a0ce\\core-1.2.0\\res\\values-hu\\values-hu.xml",
                    "from": {
                        "startLines": "2",
                        "startColumns": "4",
                        "startOffsets": "55",
                        "endColumns": "100",
                        "endOffsets": "151"
                    },
                    "to": {
                        "startLines": "30",
                        "startColumns": "4",
                        "startOffsets": "2942",
                        "endColumns": "100",
                        "endOffsets": "3038"
                    }
                },
                {
                    "source": "C:\\Users\\DC-big-old\\.gradle\\caches\\transforms-2\\files-2.1\\c2c5fa787d66aaf40578b3071f4d283f\\appcompat-1.1.0\\res\\values-hu\\values-hu.xml",
                    "from": {
                        "startLines": "2,3,4,5,6,7,8,9,10,11,12,13,14,15,16,17,18,19,20,21,22,23,24,25,26,27,28,29",
                        "startColumns": "4,4,4,4,4,4,4,4,4,4,4,4,4,4,4,4,4,4,4,4,4,4,4,4,4,4,4,4",
                        "startOffsets": "105,213,305,420,504,619,742,819,895,986,1078,1173,1267,1368,1461,1556,1651,1742,1833,1915,2025,2135,2235,2346,2455,2574,2756,2859",
                        "endColumns": "107,91,114,83,114,122,76,75,90,91,94,93,100,92,94,94,90,90,81,109,109,99,110,108,118,181,102,82",
                        "endOffsets": "208,300,415,499,614,737,814,890,981,1073,1168,1262,1363,1456,1551,1646,1737,1828,1910,2020,2130,2230,2341,2450,2569,2751,2854,2937"
                    }
                }
            ]
        }
    ]
}