{
    "logs": [
        {
            "outputFile": "E:\\sufe_plazaapp\\app\\build\\intermediates\\incremental\\mergeDebugResources\\merged.dir\\values-si\\values-si.xml",
            "map": [
                {
                    "source": "C:\\Users\\DC-big-old\\.gradle\\caches\\transforms-2\\files-2.1\\c2c5fa787d66aaf40578b3071f4d283f\\appcompat-1.1.0\\res\\values-si\\values-si.xml",
                    "from": {
                        "startLines": "2,3,4,5,6,7,8,9,10,11,12,13,14,15,16,17,18,19,20,21,22,23,24,25,26,27,28,29",
                        "startColumns": "4,4,4,4,4,4,4,4,4,4,4,4,4,4,4,4,4,4,4,4,4,4,4,4,4,4,4,4",
                        "startOffsets": "105,221,328,435,518,623,739,829,916,1007,1099,1193,1287,1388,1481,1576,1670,1761,1852,1935,2044,2148,2246,2356,2456,2563,2722,2821",
                        "endColumns": "115,106,106,82,104,115,89,86,90,91,93,93,100,92,94,93,90,90,82,108,103,97,109,99,106,158,98,80",
                        "endOffsets": "216,323,430,513,618,734,824,911,1002,1094,1188,1282,1383,1476,1571,1665,1756,1847,1930,2039,2143,2241,2351,2451,2558,2717,2816,2897"
                    }
                },
                {
                    "source": "C:\\Users\\DC-big-old\\.gradle\\caches\\transforms-2\\files-2.1\\ccb20ed30836142a5a66c164bb92a0ce\\core-1.2.0\\res\\values-si\\values-si.xml",
                    "from": {
                        "startLines": "2",
                        "startColumns": "4",
                        "startOffsets": "55",
                        "endColumns": "100",
                        "endOffsets": "151"
                    },
                    "to": {
                        "startLines": "30",
                        "startColumns": "4",
                        "startOffsets": "2902",
                        "endColumns": "100",
                        "endOffsets": "2998"
                    }
                }
            ]
        }
    ]
}